DIN, Title, Status, DIN replacement, Other org replacement, Last version
DIN 1, "Cone Pins, untempered", Withdrawn, DIN EN 22339, ISO 2339, 
DIN 3, "Standard measurements", Withdrawn, , , 
DIN 5, "Technical drawings - Axonometric projections, Isometric projection", Withdrawn, DIN ISO 5456-1; DIN ISO 5456-2;DIN ISO 5456-3; DIN ISO 5456-4, ISO 5456-1; ISO 5456-2;ISO 5456-3; ISO 5456-4, 
DIN 5-10, "Technical drawings - projections, terms", Withdrawn, DIN ISO 10209-2, ISO 10209-2, 
DIN 6, "Projection displays in Normal, views and special presentations", Withdrawn, DIN ISO 128; DIN EN ISO 128, ISO 128, 
DIN 7, "Parallel Pins", Withdrawn, DIN EN ISO 2338, ISO 2338, 
DIN 11, "Whitworth pipe threads 1/4''-6'' Thread diameter, sizes, teaching information", Withdrawn, , , 
DIN 13-1, "ISO general purpose metric screw threads - Part 1: Nominal sizes for coarse pitch threads; nominal diameter from 1 mm to 68 mm", Active, , , 
DIN 13-2, "ISO general purpose metric screw threads - Part 2: Nominal sizes for 0,2 mm, 0,25 mm and 0,35 mm fine pitch threads; nominal diameter from 1 mm to 50 mm", Active, , , 
DIN 13-3, "ISO general purpose metric screw threads - Part 3: Nominal sizes for 0,5 mm fine pitch threads; nominal diameter from 3,5 mm to 90 mm", Active, , , 
DIN 13-4, "ISO general purpose metric screw threads - Part 4: Nominal sizes for 0,75 mm fine pitch threads; nominal diameter from 5 mm to 110 mm", Active, , , 
DIN 13-5, "ISO general purpose metric screw threads - Part 5: Nominal sizes for 1 mm and 1,25 mm fine pitch threads; nominal diameter from 7,5 mm to 200 mm", Active, , , 
DIN 13-6, "ISO general purpose metric screw threads - Part 6: Nominal sizes for 1,5 mm fine pitch threads; nominal diameter from 12 mm to 300 mm", Active, , , 
DIN 13-7, "ISO general purpose metric screw threads - Part 7: Nominal sizes for 2 mm fine pitch threads; nominal diameter from 17 mm to 300 mm", Active, , , 
DIN 13-8, "ISO general purpose metric screw threads - Part 8: Nominal sizes for 3 mm fine pitch threads; nominal diameter from 28 mm to 300 mm", Active, , , 
DIN 13-9, "ISO general purpose metric screw threads - Part 9: Nominal sizes for 4 mm fine pitch threads; nominal diameter from 40 mm to 300 mm", Active, , , 
DIN 13-10, "ISO general purpose metric screw threads - Part 10: Nominal sizes for 6 mm fine pitch threads; nominal diameter from 70 mm to 500 mm", Active, , , 
DIN 13-11, "ISO general purpose metric screw threads - Part 11: Nominal sizes for 8 mm fine pitch threads; nominal diameter from 130 mm to 1000 mm", Active, , , 
DIN 13-12, "ISO general purpose metric screw threads - Part 12: 1 to 300 mm diameter coarse and fine pitch threads Selected diameters and pitches", Active, , , 
DIN 13-13, "ISO general purpose metric screw threads - Part 13: Selected sizes for screws, bolts and nuts from 1 to 52 mm screw thread diameter and limits of sizes", Active, , , 
DIN 13-19, "ISO general purpose metric screw threads - Part 19: Nominal profiles", Active, , , 
DIN 13-20, "ISO general purpose metric screw threads - Part 20: Limits of sizes for coarse pitch threads with the preferred tolerance classes; nominal sizes from 1 mm to 68 mm", Active, , , 
DIN 13-21, "ISO general purpose metric screw threads - Part 21: Limits of sizes for fine pitch threads with the preferred tolerance classes; Nominal diameter from 1 mm to 24,5 mm", Active, , , 
DIN 13-22, "ISO general purpose metric screw threads - Part 22: Limits of sizes for fine pitch threads with the preferred tolerance classes; Nominal diameter from 25 mm to 52 mm", Active, , , 
DIN 13-23, "ISO general purpose metric screw threads - Part 23: Limits of sizes for fine pitch threads with the preferred tolerance classes; Nominal diameter from 53 mm to 110 mm", Active, , , 
DIN 13-24, "ISO general purpose metric screw threads - Part 24: Limits of sizes for fine pitch threads with the preferred tolerance classes; Nominal diameter from 112 mm to 180 mm", Active, , , 
DIN 13-25, "ISO general purpose metric screw threads - Part 25: Limits of sizes for fine pitch threads with the preferred tolerance classes; Nominal diameter from 182 mm to 250 mm", Active, , , 
DIN 13-26, "ISO general purpose metric screw threads - Part 26: Limits of sizes for fine pitch threads with the preferred tolerance classes; Nominal diameter from 252 mm to 1000 mm", Active, , , 
DIN 13-28, "ISO general purpose metric screw threads - Part 28: Coarse and Fine Screw Threads from 1 to 250 mm Screw Thread Diameter; Root Cross-sections, Tensile Stress Cross-sections and Pitch Angles", Active, , , 
DIN 13-50, "ISO general purpose metric screw threads - Part 50: Combination of tolerance classes for formed internal screw threads", Active, , , 
DIN 13-51, "ISO general purpose metric screw threads - Part 51: External screw threads for transition fits (former: screw threads for interference fit); tolerances, limit deviations, limits of sizes", Active, , , 
DIN 13-52, "ISO general purpose metric screw threads - Part 52: Multi-start thread tolerances and deviation of profile", Active, , , 
DIN 15-2, "Technical drawings; lines; general application", Withdrawn, DIN ISO 128-24, , 
DIN 16, "Oblique Standard Typeface for Drawings", Withdrawn, , , 
DIN 17, "Upright Standard Typeface for Drawings", Withdrawn, , , 
DIN 38, "Plain bearings; bearing metal lining for thick-walled multilayer plain bearings", Active, , , 
DIN 74, "Countersinks for countersunk head screws (except screws with DIN EN 27721 head)", Active, , , 
DIN 76-1, "Thread run-outs and thread undercuts for ISO metric threads in accordance with DIN 13-1", Active, , , 
DIN 76-2, "Thread run-outs and thread undercuts for pipe threads conforming to ISO 228 part 1", Active, , , 
DIN 76-3, "Runouts, Undercuts for Trapezoidal Threads, Buttress Threads and Knuckle Threads and other Threads of Coarse Pitch", Active, , , 
DIN 78, "Protrusions of bolt ends", Active, DIN EN ISO 4753 (governs thread ends for bolts assembled with hexagon slotted nuts), ISO 4753, 
DIN 84, "Product grade A slotted cheese head screws", Withdrawn, DIN EN ISO 1207, ISO 1207, 
DIN 85, "Product grade A slotted pan head screws", Withdrawn, DIN EN ISO 1580, ISO 1580, 
DIN 88, "Product slotted oval head countersunk machine screws", Withdrawn, ISO 2010-1983, , 
DIN 93, "Tab washers with long tab", Withdrawn, , , 
DIN 94, "Split pins", Withdrawn, DIN EN ISO 1234, ISO 1234, 
DIN 95, "Slotted Raised Countersunk (Oval) Head Wood Screws", Active, , , 
DIN 96, "Slotted Round Head Wood Screws", Active, , , 
DIN 101, "Rivets - Technical specifications", Active, , , 
DIN 103-1, "ISO Metric Trapezoidal Screw Thread; Profiles", Active, , , 
DIN 103-2, "ISO Metric Trapezoidal Screw Thread; General Plan", Active, , , 
DIN 103-3, "ISO Metric Trapezoidal Screw Thread; Allowances and Tolerances for Trapezoidal Screw Threads of General Purpose", Active, , , 
DIN 103-4, "ISO Metric Trapezoidal Screw Thread; Nominal Dimensions", Active, , , 
DIN 103-5, "ISO Metric Trapezoidal Screw Threads; Limiting Sizes for Nut Threads from 8 to 100 mm Nominal Diameter", Active, , , 
DIN 103-6, "ISO Metric Trapezoidal Screw Threads; Limiting Sizes for Nut Threads from 105 to 300 mm Nominal Diameter", Active, , , 
DIN 103-7, "ISO Metric Trapezoidal Screw Threads; Limiting Sizes for Bolt Threads from 8 to 100 mm Nominal Diameter", Active, , , 
DIN 103-8, "ISO Metric Trapezoidal Screw Threads; Limiting Sizes for Bolt Threads from 105 to 300 mm Nominal Diameter", Active, , , 
DIN 103-9, "ISO metric trapezoidal screw threads; gauging of external and internal threads; gauge dimensions and design features", Active, , , 
DIN V 105-1, "Clay masonry units - Part 1: Solid and hollow bricks with density classes of 1,2", Withdrawn, DIN V 105-100; DIN EN 771-1, EN 771-1, 
DIN V 105-2, "Clay masonry units - Part 2: Solid and hollow bricks with density classes equal 1.0", Withdrawn, DIN V 105-100; DIN EN 771-1, EN 771-1, 
DIN 105-3, "Clay masonry units - Part 3: Tile and high strength-high-strength clinker", Withdrawn, DIN V 105-100; DIN EN 771-1, EN 771-1, 
DIN 105-4, "Clay masonry units - Part 4: Ceramic bricks", Withdrawn, DIN V 105-100; DIN EN 771-1;DIN EN 772-7, EN 771-1; EN 772-7, 
DIN 105-5, "Clay masonry units - Part 5: Lightweight long-hole brick and light long-hole brick panels", Active, , , 
DIN V 105-6, "Clay masonry units - Part 6: High precision units", Active, , , 
DIN V 105-100, "Clay masonry units - Part 100: Clay masonry units with specific properties", Active, , , 
DIN 125, "Washers; medium type, primarily for hexagon bolts", Withdrawn, DIN EN ISO 7089;DIN EN ISO 7090, ISO 7089;ISO 7090, 
DIN 125-1, "Product grade A washers - with a hardness up to 250 HV designed for use with hexagon head bolts and nuts", Withdrawn, DIN EN ISO 7089;DIN EN ISO 7090, ISO 7089;ISO 7090, 
DIN 125-2, "Product grade A washers - with a hardness up to 300 HV designed for use with hexagon head bolts and nuts", Withdrawn, DIN EN ISO 7089;DIN EN ISO 7090, ISO 7089;ISO 7090, 
DIN 126, "Product grade C washers - designed for use with hexagon head bolts and nut", Withdrawn, DIN EN ISO 7091, ISO 7091, 
DIN 127, "Spring lock washers with square ends or tang ends", Withdrawn, , , 
DIN 128, "Curved and wave spring lock washers", Withdrawn, , , 
DIN 137, "Spring washers, curved or wave", Withdrawn, , , 
DIN 174, "Bright Flat Steel; Dimensions, Permissible Variations, Weights", Withdrawn, DIN EN 10278, , 
DIN 175, "Polished round steel; Dimensions, Permissible deviations according to ISO tolerance zone h9", Withdrawn, DIN EN 10278, , 
DIN 201, "Technical drawings; Hatchings; Representation of cutting edges and materials", Withdrawn, DIN ISO 128-50, ISO 128-50, 
DIN 209, "Machine Reamers with Screwed-on Blades", Active, , , 
DIN 267-1, "Fasteners - Part 1: Technical delivery conditions; General requirements", Withdrawn, , ISO 8992, 
DIN 267-2, "Fasteners - Part 2: Technical delivery conditions; Bolts, Screws, Nuts and Similar Threaded and Formed Parts; Types and Dimensional Accuracy", Active, DIN EN ISO 4759-1, ISO 4759-1, 
DIN 267-3, "Fasteners - Part 3: Technical delivery conditions; Property classes for carbon steel and alloy steel bolts and screws; Conversion of property classes", Withdrawn, DIN EN ISO 898-1, ISO 898-1, 
DIN 267-4, "Fasteners - Part 4: Technical delivery conditions; Property classes for nuts (previous classes)", Withdrawn, DIN EN ISO 898-2, ISO 898-2, 
DIN 267-5, "Fasteners - Part 5: Technical delivery conditions; Acceptance inspection; modified version of ISO 3269, 1984 edition", Withdrawn, DIN EN ISO 3269, ISO 3269, 
DIN 267-6, "Fasteners - Part 6: Technical delivery conditions; Designs and accuracy of measurement for product grade F", Active, , , 
DIN 267-7, "Fasteners - Part 9: Technical delivery conditions; Bolts made of unalloyed or low-alloy steels", Withdrawn, DIN EN ISO 898-1, ISO 898-1, 
DIN 267-9, "Fasteners - Part 9: Technical delivery conditions; Components with Electroplated Coatings", Withdrawn, DIN EN ISO 4042, ISO 4042, 
DIN 267-10, "Fasteners - Part 10: Technical delivery conditions; Hot dip galvanized parts", Withdrawn, DIN EN ISO 10684, ISO 10684, 
DIN 267-11, "Fasteners - Part 11: Technical delivery conditions (with additions to ISO 3506); Corrosion-resistant stainless steel fasteners", Withdrawn, , , 
DIN 267-12, "Fasteners - Part 12: Technical delivery conditions; Self-tapping screws", Withdrawn, DIN EN ISO 2702, ISO 2702, 
DIN 267-13, "Fasteners - Part 13: Technical delivery conditions; Components for Bolted Connections Made Mainly from Materials Exhibiting a High Impact Strength at Low Temperature or from Materials with a High Temperature Strength", Active, , , 
DIN 267-15, "Fasteners - Part 15: Technical delivery conditions; Prevailing torque type nuts", Withdrawn, DIN EN ISO 2320;DIN EN ISO 3506-1;DIN EN ISO 3506-2;DIN EN ISO 3506-3, ISO 2320;ISO 3506-1;ISO 3506-2;ISO 3506-3, 
DIN 267-18, "Fasteners - Part 18: Technical delivery conditions; Components made of Non-ferrous Metals", Withdrawn, DIN EN 28839, ISO 8839, 
DIN 267-19, "Fasteners; technical delivery conditions; surface discontinuities on bolts and screws ", Withdrawn, DIN EN ISO 26157-1;DIN EN ISO 26157-3, ISO 6157-1;ISO 6157-3, 
DIN 267-20, "Fasteners - Part 20: Technical delivery conditions; Surface discontinuities on nuts", Withdrawn, DIN EN ISO 6157-2;DIN EN ISO 10484;DIN EN ISO 10485, ISO 6157-2;ISO 10484;ISO 10485, 
DIN 267-21, "Fasteners - Part 21: Technical delivery conditions; Widening test on nuts", Withdrawn, DIN EN ISO 6157-2;DIN EN ISO 10484;DIN EN ISO 10485, ISO 6157-2;ISO 10484;ISO 10485, 
DIN 267-23, "Fasteners - Part 23: Technical delivery conditions; Property classes for nuts with fine thread (ISO classes)", Withdrawn, DIN EN ISO 898-6, ISO 898-6, 
DIN 267-24, "Fasteners - Part 24: Technical delivery conditions; Property classes for nuts (Hardness classes)", Active, , , 
DIN 267-25, "Fasteners - Part 25: Technical delivery conditions; Torsion testing of M1 to M10 bolts and screws", Withdrawn, DIN EN 20898-7, EN 20898-7, 
DIN 267-26, "Fasteners - Part 26: Technical delivery conditions; Conical spring washers for bolt/nut assemblies", Active, , , 
DIN 267-27, "Fasteners - Part 27: Technical specifications; Steel screws, bolts and studs with adhesive coating", Active, , , 
DIN 267-28, "Fasteners - Part 28: Technical specifications; Steel screws, bolts and studs with locking coating", Active, , , 
DIN 267-29, "Fasteners - Part 29: Technical specifications; Product grades for parts for bolted connections for use at temperatures ranging from −200 °C to +700 °C", Withdrawn, , , 
DIN 267-30, "Fasteners - Part 30: Technical specifications; Metric thread rolling screws of property class 10.9", Active, , , 
DIN 276-1, "Building costs; Part 1: Building construction", Active, , , 
DIN 276-2, "Building costs; Part 2: Classification of cost", Withdrawn, , , 
DIN 276-3, "Building costs; Part 3: Ascertainment of cost", Withdrawn, , , 
DIN 332-1, "60° centre holes; types R, A, B, and C", Active, , , 
DIN 332-2, "Center holes 60° with thread for shaft ends for rotating electrical machines", Active, , , 
DIN 332-10, "Center Holes; Indications on Technical Drawings", Withdrawn, DIN ISO 6411, ISO 6411, 
DIN 332-8, "Centre holes 90°, form S; dimensions, determination process", Active, , , 
DIN 332-4, "Centre holes for rail vehicles axles", Active, , , 
DIN 317, "Drill drifts for taper shanks with drift tang", Active, , , 
DIN 374, "Machine screwing taps for fine pitch metric ISO-threads M3 × 0,2 to M52 × 4", Active, , , 
DIN 371, "Machine taps with reinforced shank for coarse pitch metric ISO-threads M1 to M10 and fine pitch metric ISO-threads M1 × 0,2 to M10 × 1,25", Active, , , 
DIN 332-7, "Machine tools; 60° centre holes; dimensioning", Active, , , 
DIN 338, "Parallel shank twist drills, jobber series", Active, , , 
DIN 323-1, "Preferred Numbers and Series of Preferred Numbers; Basic Values, Calculated Values, Rounded Values", Withdrawn, , , 
DIN 323-2, "Preferred Numbers and Series of Preferred Numbers; Introduction", Active, , , 
DIN 352, "Sets of taps - Sets of 3 taps for metric coarse ISO-threads M1 to M68", Active, , , 
DIN 315, "Wing nuts with rounded wings", Active, , , 
DIN 316, "Wing screws with rounded wings", Active, , , 
DIN 404, "Slotted capstan screws", Active, , , 
DIN 406-10, "Engineering drawing practice; dimensioning; concepts and general principles", Active, , , 
DIN 406-11, "Engineering drawing practice; dimensioning; principles of application", Active, , , 
DIN 406-12, "Engineering drawing practice; dimensioning; tolerancing of linear and angular dimensions (modified version of ISO 406:1987)", Active, , , 
DIN 417, "Slotted set screws with long dog point", Withdrawn, DIN EN 27435, ISO 7435, 
DIN 427, "Slotted headless screws with chamfered end", Withdrawn, DIN EN ISO 2342, ISO 2342, 
DIN 428, "Hexagon nuts, Grade C", Withdrawn, DIN EN ISO 4034, ISO 4034, 
DIN 433, "Washers for use with cheese head screws", Withdrawn, DIN EN ISO 7092, ISO 7092, 
DIN 433-1, "Product grade A washers - with a hardness up to 250 HV designed for use with cheese head screws", Withdrawn, DIN EN ISO 7092, ISO 7092, 
DIN 433-2, "Product grade A washers - with a hardness up to 300 HV designed for use with cheese head screws", Withdrawn, DIN EN ISO 7092, ISO 7092, 
DIN 438, "Slotted set screws with cup point", Withdrawn, DIN EN 27436, ISO 7436, 
DIN 439, "Hexagon thin nuts", Withdrawn, DIN EN ISO 4035; DIN EN ISO 4036; DIN EN ISO 8675, ISO 4035; ISO 4036;ISO 8675, 
DIN 439-1, "Unchamfered hexagon thin nuts - Product grade B", Withdrawn, DIN EN ISO 4036, ISO 4036, 
DIN 439-2, "Chamfered hexagon thin nuts - Product grades A and B", Withdrawn, DIN EN ISO 4035; DIN EN ISO 8675, ISO 4035; ISO 8675, 
DIN 440, "Washers for use in timber constructions", Withdrawn, DIN EN ISO 7094, ISO 7094, 
DIN 444, "Eyebolts", Active, , , 
DIN 461, "Graphical Representation in Systems of Coordinates", Active, , , 
DIN 462, "Machine Tools; Internal Tab Washers for Slotted Round Nuts for Hook Spanner according to DIN 1804", Active, , , 
DIN 464, "Knurled thumb screws, high type", Active, , , 
DIN 466, "Knurled nuts, high type", Active, , , 
DIN 467, "Knurled nuts, low type", Active, , , 
DIN 471, "Circlips (retaining rings) for shafts; Normal type and heavy type", Active, , , 
DIN 472, "Circlips (retaining rings) for internal grooves; Normal type and heavy type", Active, , , 
DIN 476, "Paper sizes", Withdrawn, DIN EN ISO 216, ISO 216, 
DIN 476-2, "Trimmed Sizes of Paper - C Series", Active, , , 
DIN 477-1, "Gas cylinder valves for cylinder test pressures up to 300 bar - Part 1: Valve inlet and outlet connections", Active, , , 
DIN 479, "Square head bolts with short dog point", Active, , , 
DIN 522, "Metal washers; technical delivery conditions", Withdrawn, DIN EN ISO 4759-3, ISO 4759-3, 
DIN 548, "Round nuts with set pin holes in side", Active, , , 
DIN 551, "Slotted set screws with flat point", Withdrawn, DIN EN 24766, ISO 4766, 
DIN 553, "Slotted set screws with cone point", Withdrawn, DIN EN 27434, ISO 7434, 
DIN 555, "M5 to M100x6 hexagon nuts - Product grade C", Withdrawn, DIN EN ISO 4034, ISO 4034, 
DIN 558, "Hexagon head screws", Withdrawn, DIN EN ISO 4018, ISO 4018, 
DIN 580, "Collar eyebolts for lifting purposes", Active, , , 
DIN 601, "M5 to M52 hexagon head bolts; product grade C", Withdrawn, DIN EN ISO 4016, ISO 4016, 
DIN 603, "Mushroom head square neck bolts", Active, , , 
DIN 609, "Hexagon fits bolts with long thread", Active, , , 
DIN 625-1, "Rolling bearings; single row radial contact ball bearings", Active, , , 
DIN 625-3, "Rolling bearings; double row radial contact ball bearings", Active, , , 
DIN 625-4, "Rolling bearings; radial contact groove ball bearings with flanged outer ring", Active, , , 
DIN 653, "Knurled thumb screws, low type", Active, , , 
DIN 678-1, "Envelopes - Part 1: Sizes", Active, , , 
DIN 678-2, "Envelopes - Part 2: Envelopes for Processing in Enveloping Machines, Size C6 to C4", Active, , , 
DIN 763, "Tested, non-calibrated, long-link round steel chains", Active, , , 
DIN 764-1, "Calibrated and tested round steel link chains for continuous conveyors; grade 2, pitch 3,5d", Active, , , 
DIN 764-2, "Calibrated and tested round steel link chains for continuous conveyors; grade 3, pitch 3,5d", Active, , , 
DIN 766, "Calibrated and tested grade 3 round steel link chains", Active, , , 
DIN 799-1, "Foundation Blocks", Active, , , 
DIN 820-1, "Standards Work - Part 1: Principles", Active, , , 
DIN 820-2, "Standardization - Part 2: Presentation of standards; examples for presentation of figures, tables and part lists", Active, , , 
DIN 820-3, "Standardization - Part 3: Concepts", Active, , , 
DIN 820-4, "Standardization - Part 4: Working procedure", Active, , , 
DIN 820-11, "Standardization - Part 11: Presentation of Standards concerning safety regulations which are VDE-Specifications or VDE-Guidelines", Active, , , 
DIN 820-12, "Standardization - Part 12: Presentation of standards concerning safety regulations", Active, , , 
DIN 820-13, "Standardization - Part 13: Adoption of European documents of CEN, CENELEC and of ETSI; Concepts and presentation", Active, , , 
DIN 820-15, "Standardization - Part 15: Implementation of ISO and IEC international documents; Concepts and presentation", Active, , , 
DIN 820-120, "Standardization - Part 120: Guidelines for the inclusion of safety aspects in standards (ISO/IEC Guide 51:1999)", Active, , , 
DIN 824, "Technical drawings; Folding to filing size", Active, , , 
DIN 899, "Hand Operated Wrenches and Sockets; Technical Specifications", Withdrawn, DIN ISO 1711-1, ISO 1711-1, 
DIN 906, "internal drive pipe plugs for the sealing of holes with cylindrical internal threads", Active, , , 
DIN 908, "Hexagon socket screw plugs with parallel screw thread", Active, , , 
DIN 910, "Hexagon-duty hexagon head screw plugs", Active, , , 
DIN 911, "Hexagon Socket Screw Keys", Withdrawn, DIN ISO 2936, ISO 2936, 
DIN 912, "Hexagon socket head cap screws (modified version of ISO 4762)", Withdrawn, DIN EN ISO 4762;DIN EN ISO 21269, ISO 4762;ISO 21269, 
DIN 913, "Hexagon socket set screws with flat point (ISO 4026 modified)", Withdrawn, DIN EN ISO 4026, ISO 4026, 
DIN 914, "Hexagon socket set screws with cone point (ISO 4027 modified)", Withdrawn, DIN EN ISO 4027, ISO 4027, 
DIN 915, "Hexagon socket set screws with dog point (ISO 4028 modified)", Withdrawn, DIN EN ISO 4028, ISO 4028, 
DIN 916, "Hexagon socket set screws with cup point (ISO 4029 modified)", Withdrawn, DIN EN ISO 4029, ISO 4029, 
DIN 918, "Fasteners; Terminology; Spelling of terms; Abbreviations", Active, , , 
DIN 918-3, "Overview of European Standards for fasteners", Active, , , 
DIN 919-1, "Technical Drawings; Wood Processing; Principles", Active, , , 
DIN 921, "Slotted pan head screws with large head", Active, , , 
DIN 923, "Slotted pan head screws with shoulder", Active, , , 
DIN 929, "Hexagon weld nuts", Active, , , 
DIN 930, "Fine thread pitch partially threaded screws", Withdrawn, DIN 931-1; DIN 931-2, , 
DIN 931-1, "M1,6 to M39 Hexagon Cap Screws Partially Threaded - Product grades A and B", Withdrawn, DIN EN ISO 4014, ISO 4014, 
DIN 931-2, "M42 to M160x6 Hexagon Cap Screws Partially Threaded - Product grade B", Withdrawn, DIN EN ISO 4014, ISO 4014, 
DIN 933, "M1,6 to M52 Hexagon Cap Screws Fully Threaded - Product grades 8.8", Withdrawn, DIN EN ISO 4017, ISO 4017, 
DIN 934, "Hexagon nuts with metric coarse and fine pitch thread - Product classes A and B", Withdrawn, DIN EN ISO 4032;DIN EN ISO 8673, ISO 4032;ISO 8673, 
DIN 935-1, "Hexagon slotted nuts and castle nuts with metric coarse and fine pitch thread - Product grades A and B", Active, , , 
DIN 935-2, "M42 to M160x6 hexagon head nuts; product grade B", Active, , , 
DIN 935-3, "Hexagon slotted nuts with metric coarse pitch thread - Product grade C", Active, , , 
DIN 936, "M8 to M52 and M8x1 to M52x3 hexagon thin nuts; product grades A and B", Withdrawn, , , 
DIN 937, "Hexagon thin castle nuts", Withdrawn, , , 
DIN 938, "Studs with a length of engagement equal to about 1 d", Active, , , 
DIN 939, "Studs with a length of engagement equal to about 1,25 d", Active, , , 
DIN 946, "Determination of coefficient of friction of bolt/nut assemblies under specified conditions", Withdrawn, DIN EN ISO 16047, ISO 16047, 
DIN 960, "M8x1 to M100x4 hexagon head bolts with fine pitch thread - Product grades A and B", Withdrawn, DIN EN ISO 8765;DIN EN ISO 8676, ISO 8765;ISO 8676, 
DIN 961, "M8x1 to M52x3 hexagon head bolts with fine pitch thread - Product grades A and B", Withdrawn, DIN EN ISO 8676, ISO 8676, 
DIN 962, "Designation system for fasteners", Active, , , 
DIN 963, "Slotted countersunk head screws (with countersunk heads as specified in ISO 2009-1972)", Withdrawn, DIN EN ISO 2009, ISO 2009, 
DIN 964, "Slotted raised countersunk oval head screws", Withdrawn, DIN EN ISO 2010, ISO 2010, 
DIN 965, "Cross recessed countersunk flat head screws", Withdrawn, DIN EN ISO 7046-1;DIN EN ISO 7046-2, ISO 7046-1;ISO 7046-2, 
DIN 966, "Cross recessed raised countersunk head screws", Withdrawn, DIN EN ISO 7047, ISO 7047, 
DIN 970, "Hexagon nuts; Style 1; Metric coarse thread, Product grades A and B; ISO 4032 modified", Withdrawn, DIN EN ISO 4032, ISO 4032, 
DIN 971-1, "Style 1 hexagon nuts with metric fine pitch thread; property classes 6 and 8", Withdrawn, DIN EN ISO 8673, ISO 8673, 
DIN 971-2, "Style 2 hexagon nuts with metric fine pitch thread; property classes 10 and 12", Withdrawn, DIN EN ISO 8674, ISO 8674, 
DIN 972, "M5 to M39 hexagon nuts; style 1; product grade C (modified version of ISO 4034)", Withdrawn, DIN EN ISO 4034, ISO 4034, 
DIN 975, "Threaded rods", Withdrawn, DIN 976-1; DIN 976-2, , 
DIN 976-1, "Metric thread stud bolts", Active, , , 
DIN 976-2, "Metric interference-fit thread stud bolts", Active, , , 
DIN 977, "Hexagon weld nuts with flange", Withdrawn, DIN EN ISO 21670, ISO 21670, 
DIN 979, "Hexagon thin slotted nuts and castle nuts with metric coarse and fine pitch thread - Product grades A and B", Active, , , 
DIN 980, "All-metal prevailing torque type hexagon nuts", Withdrawn, DIN EN ISO 7042;DIN EN ISO 10513, ISO 7042;ISO 10513, 
DIN 981, "Locknuts for use with rolling bearings", Active, , , 
DIN 982, "Prevailing torque type hexagon nuts with nonmetallic insert", Withdrawn, DIN EN ISO 7040;DIN EN ISO 10512, ISO 7040;ISO 10512, 
DIN 983, "Retaining rings with lugs for use on shafts (external circlips)", Active, , , 
DIN 985, "Prevailing torque type hexagon thin nuts with nonmetallic insert", Withdrawn, DIN EN ISO 10511, ISO 10511, 
DIN 986, "Prevailing torque type hexagon domed cap nuts with non-metallic insert", Active, , , 
DIN 988, "Shim rings and supporting rings", Active, , , 
DIN 1025-1, "Hot rolled I-sections - Part 1: Narrow flange I-sections, I-serie - Dimensions, masses, sectional properties", Active, , , 
DIN 1025-2, "Hot rolled I-beams - Part 2: Wide flange I-beams, IPB-serie; dimensions, masses, sectional properties", Active, , , 
DIN 1025-3, "Hot rolled I-beams; wide flange I-beams, light pattern, IPBl-serie; dimensions, masses, sectional properties", Active, , , 
DIN 1025-4, "Hot rolled I-beams; wide flange I-beams heavy pattern, IPBv-serie; dimensions, masses, sectional properties", Active, , , 
DIN 1025-5, "Hot rolled I-beams; medium flange I-beams, IPE-serie; dimensions, masses, sectional properties", Active, , , 
DIN 1301-1, "Units - Part 1: Names and Symbols", Active, , , 
DIN 1301-2, "Units - Part 2: Submultiples and Multiples for General Use", Active, , , 
DIN 1301-3, "Units - Part 3: Conversions of Units No Longer To Be Used", Active, , , 
DIN 1302, "General Mathematical Symbols and Concepts", Active, , , 
DIN 1303, "Vectors, matrices, tensors; symbols and concepts", Active, , , 
DIN 1304-1, "Letter symbols for physical quantities - Part 1: Symbols for general use", Active, , , 
DIN 1304-2, "Letter symbols for physical quantities - Part 2: Symbols for use in meteorology and geophysics", Active, , , 
DIN 1304-3, "Letter symbols for physical quantities - Part 3: Symbols for use in electric power engineering", Active, , , 
DIN 1304-5, "Letter symbols for physical quantities - Part 5: Symbols for use in fluid mechanics", Active, , , 
DIN 1304-8, "Letter symbols for physical quantities - Part 9: Symbols for use in the field of static converters using semiconductor devices", Active, , , 
DIN 1304-9, "Letter symbols for physical quantities - Part 9: Symbols for equivalent circuits of piezoelectric crystals", Active, , , 
DIN 1311-1, "(Mechanical) vibrations, oscillations and vibration systems - Part 1: Basic concepts, survey", Active, , , 
DIN 1311-2, "(Mechanical) vibrations, oscillations and vibration systems - Part 2: Linear vibration systems with single degree of freedom", Active, , , 
DIN 1311-3, "(Mechanical) vibrations, oscillations and vibration systems - Part 3: Linear time-invariant vibration systems with a finite number of degrees of freedom", Active, , , 
DIN 1311-4, "Vibration; Vibrating Continua, Waves", Active, , , 
DIN 1313, "Physical Quantities and Equation; Concepts, Methods of Writing", Active, , , 
DIN 1315, "Angle; Concepts, Units", Active, , , 
DIN 1318, "Loudness Level", Active, , , 
DIN 1319-1, "Fundamentals of Metrology - Part 1: Basic Terminology", Active, , , 
DIN 1319-2, "Basic Concepts in Metrology - Part 2: Terminology Related To Measuring Equipment", Active, , , 
DIN 1319-3, "Basic Concepts in Metrology - Part 3: Terminology Relating To the Uncertainty of Measurement and the Assessment of Measuring Instruments and Measuring Equipment", Active, , , 
DIN 1319-4, "Basic Concepts in Metrology - Part 4: Treatment of Uncertainties in the Evaluation of Measurements", Active, , , 
DIN 1320, "Acoustics; Terminology", Active, , , 
DIN 1324-1, "Electromagnetic Field - Part 1. State Quantities", Active, , , 
DIN 1324-2, "Electromagnetic Field - Part 2. Material Quantities", Active, , , 
DIN 1324-3, "Electromagnetic Field - Part 3. Electromagnetic Waves", Active, , , 
DIN 1325-1, "Vocabulary for value management, value analysis and functional analysis - Part 1: Value analysis and functional analysis", Active, , , 
DIN 1325-2, "Value Management, Value Analysis, Functional Analysis Vocabulary - Part 2: Value Management", Active, , , 
DIN 1332, "Acoustics; Symbols", Withdrawn, DIN EN ISO 80000-8, ISO 80000-8, 
DIN 1333, "Presentation of Numerical Data", Active, , , 
DIN 1338, "Writing and Typesetting of Formulae", Active, , , 
DIN 1355-1, "Time; Calendar, Numbering of Weeks, Date of Day, (Clock) Time", Withdrawn, , , 
DIN 1421, "Arrangement and Numbering in Texts; Clauses, Paragraphs, Enumerations", Active, , , 
DIN 1422-1, "Publications in Sciences, Technology, Economy and Administration; Presentation of Manuscripts and Typoscripts", Active, , , 
DIN 1422-2, "Publications in Sciences, Technology, Economy and Administration; Presentation of Clean Copies for Reprographic Use", Active, , , 
DIN 1422-3, "Publications in Sciences, Technology, Economy and Administration; Typographical Presentation", Active, , , 
DIN 1422-4, "Publications in Sciences, Technology, Economy and Administration; Presentation of Scientific and Technical Reports", Active, , , 
DIN 1440, "Medium type washers for pins", Withdrawn, DIN EN 28738, ISO 8738, 
DIN 1443, "Clevis pins without head", Withdrawn, DIN EN 22340, ISO 2340, 
DIN 1444, "Clevis pins with head", Withdrawn, DIN EN 22341, ISO 2341, 
DIN 1450, "Legibility of Typefaces - General", Active, , , 
DIN 1451-1, "Lettering - Linear-Antiqua without serifes - General", Active, , , 
DIN 1451-2, "Typefaces - lineal Linear-Antiqua; lettering for transportation", Active, , , 
DIN 1451-3, "Lettering - Linear-Antiqua without serifes; lettering for printing", Active, , , 
DIN 1451-4, "Typefaces - lineal Linear-Antiqua; stenciled lettering for engraving and other processes", Active, , , 
DIN 1463-1, "Guidelines for the Establishment and Development of Thesauri; Monolingual Thesauri", Active, , , 
DIN 1463-2, "Guidelines for the Establishment and Development of Thesauri; Multilingual Thesauri", Active, , , 
DIN 1470, "Grooved Pins, Full Length Parallel-grooved with Pilot", Withdrawn, DIN EN 8739, ISO 8739, 
DIN 1471, "Grooved Pins, Full Length Taper-grooved", Withdrawn, DIN EN 8744, ISO 8744, 
DIN 1472, "Grooved Pins, Half Length Taper-grooved", Withdrawn, DIN EN 8745, ISO 8745, 
DIN 1473, "Grooved Pins, Full Length Parallel-grooved with Chamfer", Withdrawn, DIN EN ISO 8740, ISO 8740, 
DIN 1474, "Grooved Pins, Half Length Reverse-grooved", Withdrawn, DIN EN 8741, ISO 8741, 
DIN 1475, "Grooved Pins, Third Length Centre-grooved", Withdrawn, DIN EN 8742, ISO 8742, 
DIN 1476, "Round Head Grooved Pins", Withdrawn, DIN EN 8746, ISO 8746, 
DIN 1477, "Countersunk Head Grooved Pins", Withdrawn, DIN EN 8747, ISO 8747, 
DIN 1481, "Spring-Type Straight Pins (Roll Pins) - Heavy Type", Withdrawn, DIN EN ISO 8752, ISO 8752, 
DIN 1505-1, "Bibliographic references to documents - Part 1: Full References to Printed and Published Documents", Active, , , 
DIN 1505-2, "Bibliographic references to documents - Part 2: Rules for Citing", Active, , , 
DIN 1505-3, "Bibliographic references to documents - Part 3: Indexes of cited documents (bibliographies)", Active, , , 
DIN 1511, "Pattern Equipment for Foundries; Production and Quality", Withdrawn, DIN EN 12890, EN 12890, 
DIN 1530-1, "Tools for moulding - Part 1: Ejector pins with cylindrical head", Active, , , 
DIN 1530-2, "Tools for moulding - Part 2: Shouldered ejector pins", Active, , , 
DIN 1530-3, "Tools for moulding - Part 3: Ejector pins with conical head", Active, , , 
DIN 1587, "Hexagon domed cap nuts", Active, , , 
DIN 1707, "Soft Solders; Composition, Technical Delivery Condition", Active, DIN EN ISO 9453, ISO 9453, 
DIN 1712 Part 1, "Aluminium and aluminium alloys - Unalloyed aluminium ingots for remelting - Specifications", Withdrawn, DIN EN 576, EN 576, 
DIN 1712 Part 3, "Aluminium; Half-Finished Products", Withdrawn, DIN EN 573-3, EN 573-3, 
DIN 1783, "Strips, Plates and Sheets of Aluminium and Wrought", Withdrawn, DIN EN 485-4, EN 485-4, 
DIN 1786, "Seamless Drawn Copper Tubes for Piping Systems", Withdrawn, DIN EN 1057, EN 1057, 
DIN 1798, "Round Rod of Aluminium (Highest Grade Aluminium)", Withdrawn, DIN EN 754-3, EN 754-3, 
DIN 1804, "Slotted Round Nut for Hook Spanner; ISO Metric Fine Thread", Active, , , 
DIN 1810, "Hook wrenches", Active, , , 
DIN 1816, "Round Nut with Set Pin Holes Inside; ISO Metric Fine Thread", Active, , , 
DIN 1897, "Spiral drill bits, short length", Active, , , 
DIN 1912-1, "Graphical Representation of Welded, Soldered and Brazed Joints", Withdrawn, DIN EN ISO 17659, ISO 17659, 
DIN 1912-2, "Graphical Representation of Welded, Soldered and Brazed Joints", Withdrawn, DIN EN ISO 6947, ISO 6947, 
DIN 1912-4, "Graphical Representation of Welded, Soldered and Brazed Joints; Concepts and Terms for Soldered and Brazed Joints and Seams", Active, , , 
DIN 1912-5, "Symbolic Representation on Drawings of Welded, Soldered and Brazed Joints", Withdrawn, DIN EN 22553, ISO 2553, 
DIN 1960, "Construction contract procedures (VOB) - Part A: General provisions relating to the award of construction contracts", Active, , , 
DIN 1961, "Construction contract procedures (VOB) - Part B: General conditions of contract relating to the execution of construction work", Active, , , 
DIN 2112, "Alphanumeric office machines - Alphanumeric keyboards, keyboard arrangement for manually operated typewriters", Withdrawn, DIN 2137-1; DIN 2137-2, , 
DIN 2127, "Alphanumeric office machines; alphanumeric keyboards, keyboard arrangement for electro-mechanical operated typewriters", Withdrawn, DIN 2137-1; DIN 2137-2, , 
DIN 2137-1, "Keyboards for data and text input - Part 1: German keyboard layout", Active, , , 
DIN 2137-2, "Keyboards for data and text input - Part 2: Additional requirements", Active, , , 
DIN 2181, "Sets of 2 taps for metric fine ISO-threads M1 × 0,2 to M52 × 4", Active, , , 
DIN 2342-1, "Vocabulary of terminology; basic concepts", Active, , , 
DIN 2391-1, "Seamless precision steel tubes - Part 1: Dimensions", Canceled, DIN EN 10305-1, EN 10305-1, 
DIN 2391-2, "Seamless precision steel tubes - Part 2: Technical delivery conditions", Canceled, DIN EN 10305-1, EN 10305-1, 
DIN 2448, "Seamless Steel Pipes and Tubes - Dimensions, Conventional Masses per Unit Length", Canceled, DIN EN 10220, EN 10220, 
DIN 2527, "Blank flanges - Nominal pressure 6 to 100", Withdrawn, DIN EN 1092-1, EN 1092-1, 
DIN 2860, "Capillary Fittings; Bends 180° of Copper", Withdrawn, , , 
DIN 2982, "Steel threaded pipe fittings", Withdrawn, DIN EN 10241, EN 10241, 
DIN 2999-1, "Pipe threads for tubes and fittings; parallel internal thread and taper external thread; tread dimensions", Withdrawn, DIN EN 10226-1, EN 10226-1, 
DIN 2999-2, "Whitworth Pipe Threads for Tubes and Fittings; Cylindrical Internal Thread and Conical External Thread, Gauging System and Use of Gauges", Withdrawn, DIN EN 10226-3, EN 10226-3, 
DIN 2999-3, "Whitworth Pipe Threads for Tubes and Fittings; Gauge Dimensions", Withdrawn, DIN EN 10226-3, EN 10226-3, 
DIN 2999-4, "Pipe threads for tubes and fittings; sizes for taper screw limit plug gauges for parallel internal thread", Withdrawn, DIN EN 10226-3, EN 10226-3, 
DIN 2999-5, "Whitworth Pipe Threads for Tubes and Fittings; Cylindrical Screw Limit Ring Gauges for Gauging Conical External Threads, Sizes", Withdrawn, DIN EN 10226-3, EN 10226-3, 
DIN 2999-6, "Whitworth Pipe Threads for Tubes and Fittings; Conical Screw Check Plugs, Sizes", Withdrawn, DIN EN 10226-3, EN 10226-3, 
DIN 3000, "", , , , 
DIN 3017-1, "Hose clamps with worm gear drive; shape A", , , , 
DIN 3017-2, "Hose clamps - Part 2: Clamps with fastening lugs", , , , 
DIN 3017-3, "Hose clamps - Part 3: Bolt clamps", , , , 
DIN 3017-4, "Hose clamps - Part 4: Technical delivery conditions", , , , 
DIN 3017-5, "Hose clamps - Part 5: Wide strip hose clamps with fastening lugs; Types D and E", , , , 
DIN 3113, "Combination Wrench", , , , 
DIN 3770, "Sealing rings ('O-rings') with special accuracy, made of elastomeric materials", Withdrawn, , , 
DIN 3771-3, "Fluid systems; O-rings; materials, field of application", Active, , , 
DIN 4048-1, "Water engineering, terms - Part 1: Dam plants", Active, , , 
DIN 4048-2, "Water engineering, terms - Part 2: Waterpower plants", Active, , , 
DIN 4054, "Correction of waterways, terms", Active, , , 
DIN 4094-1, "Subsoil, Field investigations - Part 1: Cone penetration tests", Active, , , 
DIN 4102-1, "Fire behaviour of building materials and elements - Part 1: Classification of building materials - Requirements and testing", Active, , , 
DIN 4102-2, "Fire Behaviour of Building Materials and Building Components - Part 2: Building Components; Definitions, Requirements and Tests", Active, , , 
DIN 4102-3, "Fire Behaviour of Building Materials and Building Components - Part 3: Fire Walls and Non-load-bearing External Walls; Definitions, Requirements and Tests", Active, , , 
DIN 4102-4, "Fire behaviour of building materials and elements - Part 4: Overview and design of classified building materials, elements and components", Active, , , 
DIN 4102-5, "Fire Behaviour of Building Materials and Building Components - Part 5: Fire Barriers, Barriers in Lift Wells and Glazings Resistant against Fire; Definitions, Requirements and Tests", Active, , , 
DIN 4102-6, "Fire Behaviour of Building Materials and Building Components - Part 6: Ventilation Ducts; Definitions, Requirements and Tests", Active, , , 
DIN 4102-7, "Fire behaviour of building materials and elements - Part 7: Roofing - Concepts, requirements and testing", Active, , , 
DIN 4102-8, "Fire behaviour of building materials and components - Part 8: Small-scale test furnace", Active, , , 
DIN 4102-9, "Fire behaviour of building materials and elements - Part 9: seals for cable penetrations; concepts, requirements and testing", Active, , , 
DIN 4102-11, "Fire behaviour of building materials and building components - Part 10: pipe encasements, pipe bushings, service shafts and ducts, and barriers across inspection openings; terminology, requirements and testing", Active, , , 
DIN 4102-12, "Fire behaviour of building materials and elements - Part 12: Fire resistance of electric cable systems required to maintain circuit integrity - Requirements and testing", Active, , , 
DIN 4102-13, "Fire behaviour of building materials and elements - Part 13: Fire resistant glazing; concepts, requirements and testing", Active, , , 
DIN 4102-14, "Fire behaviour of building materials and elements - Part 14: Determination of the burning behaviour of floor covering systems using a radiant heat source", Active, , , 
DIN 4102-15, "Fire behaviour of building materials and elements - Part 15: 'Brandschacht'", Active, , , 
DIN 4102-16, "Fire behaviour of building materials and elements - Part 16: 'Brandschacht' tests", Active, , , 
DIN 4102-17, "Fire behaviour of building materials and elements - Part 17: determination of melting point of mineral fibre insulating materials; concepts, requirements and testing", Active, , , 
DIN 4102-18, "Fire behaviour of building materials and components - Part 18: fire barriers, verification of automatic closure (continuous performance test)", Active, , , 
DIN 4102-22, "Fire behaviour of building materials and building components - Part 22: Application standard for DIN 4102-4 based on the design of partial safety factors", Active, , , 
DIN 4108-1, "Thermal protection and energy economy in buildings - Part 1: Quantities and units", Active, , , 
DIN 4108-2, "Thermal protection and energy economy in buildings - Part 2: Minimum requirements to thermal insulation", Active, , , 
DIN 4108-3, "Thermal protection and energy economy in buildings - Part 3: Protection against moisture subject to climate conditions; Requirements and directions for design and construction", Active, , , 
DIN 4108-7, "Thermal insulation and energy economy of buildings - Part 7: Airtightness of building, requirements, recommendations and examples for planning and performance", Active, , , 
DIN 4108-10, "Thermal insulation and energy economy in buildings - Part 10: Application-related requirements for thermal insulation materials - Factory made products", Active, , , 
DIN 4150-1, "Structural vibration - Part 1: Prediction of vibration parameters", Active, , , 
DIN 4150-2, "Structural vibration - Part 2: Human exposure to vibration in buildings", Active, , , 
DIN 4150-3, "Structural vibration - Part 3: Effects of vibration on structures", Active, , , 
DIN 4420-1, "Service and working scaffolds - Part 1: Service scaffolds - Performance requirements, general design, structural design", Active, , , 
DIN 4512, "Photographic sensitometry, determination of optical density: 'Photographische Sensitometrie, Bestimmung der optischen Dichte' (1934-01, 1957-11, 1961-10)", Withdrawn, DIN 4512-1:1971-04; DIN 4512-3:1973-01; DIN 4512-4:1977-06; DIN 4512-5:1977-10; DIN 4512-6:1980-07, , 
DIN 4512-1, "Photographic sensitometry, determination of the speed of black and white negative materials for pictorial photography (1971-04, 1993-05)", Withdrawn (2000-09), DIN ISO 6:1996-02, ISO 6, 
DIN 4512-3, "Photographic sensitometry, determination of diffuse transmission density (1973-01)", Withdrawn, DIN 4512-7:1993-01; DIN 4512-8:1993-01; DIN 4512-9:1993-01, , 
DIN 4512-4, "Photographic sensitometry; determination of the speed of colour reversal films (1977-06, 1985-08)", Withdrawn (2002-06), DIN ISO 2240:1998-06, ISO 2240, 
DIN 4512-5, "Photographic sensitometry; determination of the speed of colour negative films (1977-10, 1990-11)", Withdrawn (2002-06), DIN ISO 5800:1998-06, ISO 5800, 
DIN 4512-6, "Photographic sensitometry; sensitometric illuminants and light sources (1980-07)", Withdrawn, , , 
DIN 4512-7, "Photographic sensitometry, determination of optical density; concepts, symbols and notations (1993-01)", Active, , , 
DIN 4512-8, "Photographic sensitometry, determination of optical density; geometric conditions for transmission density (1993-01)", Active, , , 
DIN 4512-9, "Photographic sensitometry, determination of optical density; spectral conditions (1993-01)", Active, , , 
DIN 4512-10, "Photographic sensitometry, determination of optical density; geometric conditions for reflection density (1993-01)", Active, , , 
DIN V 4701-10, "Energy efficiency of heating and ventilation systems in buildings - Part 10: Heating, domestic hot water supply, ventilation", Active, , , 
DIN V 4701-12, "Energetic evaluation of heating and ventilation systems in existing buildings - Part 12: Heat generation and domestic hot water generation", Active, , , 
DIN 4710, "Statistics on German meteorological data for calculating the energy requirements for heating and air conditioning equipment", Active, , , 
DIN 5008, "Rules for text presentation", Active, , , 
DIN 5031-1, "Physics of radiation in the field of optics and illuminating engineering - Part 1: Quantities, symbols and units of radiation physics", Active, , , 
DIN 5031-2, "Physics of radiation in the field of optics and illuminating engineering - Part 2: Evaluation of radiation by different detectors", Active, , , 
DIN 5031-3, "Physics of radiation in the field of optics and illuminating engineering - Part 3: Quantities, symbols and units of illuminating engineering", Active, , , 
DIN 5031-4, "Physics of radiation in the field of optics and illuminating engineering - Part 4: Efficiencies", Active, , , 
DIN 5031-5, "Physics of radiation in the field of optics and illuminating engineering - Part 5: Definitions for temperatures", Active, , , 
DIN 5031-6, "Physics of radiation in the field of optics and illuminating engineering - Part 6: Pupil intensity as a measure of retinal illumination", Active, , , 
DIN 5031-7, "Physics of radiation in the field of optics and illuminating engineering - Part 7: Terms for wavebands", Active, , , 
DIN 5031-8, "Physics of radiation in the field of optics and illuminating engineering - Part 8: Definitions and constants of radiation physics", Active, , , 
DIN 5031-9, "Physics of radiation in the field of optics and illuminating engineering - Part 9: Definitions in the field of luminescence", Active, , , 
DIN 5031-10, "Physics of radiation in the field of optics and illuminating engineering - Part 10: Photobiologically effective radiation, quantities, symbols and actions", Active, , , 
DIN 5035-3, "Artificial lighting - Part 3: Lighting of health care premises", Active, , , 
DIN 5035-6, "Artificial lighting - Part 6: Measurement and evaluation", Active, , , 
DIN 5035-7, "Artificial lighting - Part 7: Lighting of interiors with visual displays work stations", Active, , , 
DIN 5035-8, "Artificial lighting - Part 8: Workplace luminaries - Requirements, recommendations and proofing", Active, , , 
DIN 5117, "Clamp strength for woodworking", Active, , , 
DIN 5145, "Plane irons for wood smooth and for planes", Active, , , 
DIN 5146, "Curved irons for jack planes", Active, , , 
DIN 5406, "Lockwashers and locking plates for use with rolling bearings", Active, , , 
DIN 5466-1, "Splined joints, calculation of load capacity - Part 1: general basis", Active, , , 
DIN 5473, "Logic and set theory; symbols and concepts", Active, , , 
DIN 5474, "Signs in mathematical logic", Withdrawn, DIN 5473, , 
DIN 5475-1, "Complex quantities; nomenclature", Withdrawn, DIN 5483-3, , 
DIN 5480-1, "Involute splines based on reference diameters - Part 1: Generalities", Active, , , 
DIN 5480-2, "Involute splines based on reference diameters - Part 2: Nominal and inspection dimensions", Active, , , 
DIN 5480-15, "Involute splines based on reference diameters - Part 15: Inspection", Active, , , 
DIN 5483-1, "Time-dependent quantities - Part 1: Terms for the time-dependency", Active, , , 
DIN 5483-2, "Time-dependent quantities - Part 2: Letter symbols", Active, , , 
DIN 5483-3, "Time-dependent quantities - Part 3: Complex representation of sinusoidal time-dependent quantities", Active, , , 
DIN 5486, "Notation of matrices", Withdrawn, DIN 1303, , 
DIN 5487, "Fourier-, Laplace- and Z-transformation; symbols and concepts", Active, , , 
DIN 5489, "Directions and signs in electrical engineering; rules for electric and magnetic circuits, equivalent circuit diagrams", Withdrawn, DIN EN 60375, EN 60375, 
DIN 5493-2, "Logarithmic quantities and units - Part 2: Logarithmic ratios, levels in nepers and decibels", Active, , , 
DIN 5510-2, "Fire test to railway components", Active, , , 
DIN 5590, "Compressed air equipment for rail vehicles - Pressure vessels made of steel - Dimensions, designation", Active, , , 
DIN 6303, "Knurled nuts", Active, , , 
DIN 6304, "Tommy screws with fixed clamping bolt", Active, , , 
DIN 6305, "Tommy nuts with fixed clamping bolt", Active, , , 
DIN 6306, "Tommy screws with movable clamping bolt", Active, , , 
DIN 6307, "Tommy nuts with movable clamping bolt", Active, , , 
DIN 6310, "Spring-loaded catch for jigs", Active, , , 
DIN 6311, "Thrust pads", Active, , , 
DIN 6314, "Clamp, straight", Active, , , 
DIN 6315, "Clamp, forked", Active, , , 
DIN 6316, "Goose neck clamp", Active, , , 
DIN 6318, "Stepped packing blocks as support for clamps", Active, , , 
DIN 6319, "Spherical washers and conical seats", Active, , , 
DIN 6320, "Feet with threaded shank for jigs and fixtures", Active, , , 
DIN 6321, "Support and location pins", Active, , , 
DIN 6323, "Slot stones, loose", Active, , , 
DIN 6325, "Parallel Pins, Hardened; Tolerance Zone m6", Withdrawn, DIN EN ISO 8734, ISO 8734, 
DIN 6340, "Washers for clamping devices", Active, , , 
DIN 6738, "Paper and paper board - Lifespan classes", Active, , , 
DIN 6776, "Technical drawings, labeling", Withdrawn, DIN EN ISO 3098, ISO 3098, 
DIN 6796, "Conical spring washers for bolted connections", Active, , , 
DIN 6797, "Toothed lock washers", Withdrawn, , , 
DIN 6798, "Serrated lock washers", Withdrawn, , , 
DIN 6799, "Lock washers (retaining washers) for shafts", Active, , , 
DIN 6880, "Bright Key Steel; Dimensions, Permissible Variations, Weights", Active, , , 
DIN 6885-1, "Drive Type Fastenings without Taper Action - Part 1: Parallel Keys, Keyways, Deep Pattern", Active, , , 
DIN 6885-2, "Drive Type Fastenings without Taper Action - Part 2: Parallel Keys, Keyways, Deep Pattern for Machine Tools, Dimensions and Application", Active, , , 
DIN 6885-3, "Drive Type Fastenings without Taper Action - Part 3: Parallel Keys, Shallow Pattern, Dimensions and Application", Active, , , 
DIN 6900, "Screw and Washer Assemblies", Withdrawn, DIN EN 10644, EN 10644, 
DIN 6901, "Tapping screw and washer assemblies", Withdrawn, DIN EN 10510, EN 10510, 
DIN 6902, "Plain washers for screw and washer assemblies", Withdrawn, DIN EN 10673, EN 10673, 
DIN 6903, "Plain washers for tapping screw and washer assemblies", Withdrawn, DIN EN 10669, EN 10669, 
DIN 6912, "Hexagon socket head cap screws with center, with low head", Active, , , 
DIN 6914, "High-strength hexagon head bolts with large widths across flats for structural steel bolting", Withdrawn, DIN EN 14399-4, EN 14399-4, 
DIN 6915, "Steel hexagon nuts with large widths across flats for high-strength structural bolting", Withdrawn, DIN EN 14399-4, EN 14399-4, 
DIN 6916, "Round washers for high-strength structural steel bolting", Withdrawn, DIN EN 14399-6, EN 14399-6, 
DIN 6921, "Hexagon flange bolts", Withdrawn, DIN EN 1665, EN 1665, 
DIN 6922, "Hexagon flange bolts with reduced shank", Withdrawn, DIN EN 1665, EN 1665, 
DIN 6923, "Hexagon nuts with flange", Withdrawn, DIN EN 1661, EN 1661, 
DIN 6924, "Prevailing torque type hexagon nuts with nonmetallic insert", Withdrawn, DIN EN ISO 7040;DIN EN ISO 10512, ISO 7040;ISO 10512, 
DIN 6925, "Prevailing torque type all-metal hexagon nuts", Withdrawn, DIN EN ISO 7042;DIN EN ISO 10513, ISO 7042;ISO 10513, 
DIN 6926, "Prevailing torque type hexagon nuts with flange and with non-metallic insert", Withdrawn, DIN EN 1663; DIN EN 1666, ISO 7043 (modified); ISO 12125 (modified), 
DIN 6927, "Prevailing torque type all-metal nuts with flange", Withdrawn, DIN EN 1664; DIN EN 1667, ISO 7044 (modified);ISO 12126 (modified), 
DIN 6935, "Cold bending of flat rolled steel", Active, , , 
DIN 7045, "Pan head screws with type H or type Z cross recess - product grade A", Active, , , 
DIN 7245, "Saw blades for web saws", Active, , , 
DIN 7337, "Break mandrel blind rivets", Withdrawn, DIN EN ISO 14589; DIN EN ISO 15977; DIN EN ISO 15978; DIN EN ISO 15979; DIN EN ISO 15980; DIN EN ISO 15981; DIN EN ISO 15982; DIN EN ISO 15983; DIN EN ISO 15984; DIN EN ISO 16582; DIN EN ISO 16583; DIN EN ISO 16584, ISO 14589; ISO 15977; ISO 15978; ISO 15979; ISO 15980; ISO 15981; ISO 15982; ISO 15983; ISO 15984; ISO 16582; ISO 16583; ISO 16584, 
DIN 7343, "Spiral Pins; Normal Type", Withdrawn, DIN EN ISO 8750, ISO 8750, 
DIN 7344, "Spiral Pins; Heavy Duty Type", Withdrawn, DIN EN ISO 8748, ISO 8748, 
DIN 7346, "Spring-Type Straight Pins; (Roll Pins) Light-weight Type", Withdrawn, DIN EN ISO 13337, ISO 13337, 
DIN 7349, "Plain Washers for Bolts with Heavy Clamping Sleeves", Active, , , 
DIN 7500-1, "Thread rolling screws for metric ISO thread - Part 1: Types, designation, requirements", Active, , , 
DIN 7500-2, "Thread rolling screws for ISO metric thread; guideline values for hole diameters", Active, , , 
DIN 7504, "Self-drilling screws with tapping screw thread - Dimensions, requirements and testing", Withdrawn, ISO 10666; ISO 15480; ISO 15481; ISO 15482; ISO 15483, , 
DIN 7513, "Hexagon head and slotted head thread cutting screws - Dimensions, requirements and testing", Active, , , 
DIN 7516, "Cross recessed head thread cutting screws - Dimensions, requirements and testing", Active, , , 
DIN 7603, "Ring seals and gaskets", Active, , , 
DIN 7875, "Diving accessories for skin divers; terminology", Withdrawn, , , 
DIN 7876, "Diving accessories for skin divers; flippers; dimensions, requirements and testing", Withdrawn, , , 
DIN 7877, "Diving accessories for skin divers; diver's masks; requirements and testing", Withdrawn, , , 
DIN 7878, "Diving accessories for skin divers; snorkel; technical requirements of safety, testing", Withdrawn, , , 
DIN 7962, "Cross recesses for screws; (modified version of ISO 4757)", Withdrawn, DIN EN ISO 4757, ISO 4757, 
DIN 7970, "Threads and thread ends for tapping screws (modified version of ISO 1478)", Withdrawn, DIN EN ISO 1478, ISO 1478, 
DIN 7971, "Slotted pan head tapping screws", Withdrawn, DIN ISO 1481, ISO 1481, 
DIN 7972, "Slotted countersunk head tapping screws", Withdrawn, DIN ISO 1482, ISO 1482, 
DIN 7973, "Slotted raised countersunk head tapping screws", Withdrawn, DIN ISO 1483, ISO 1483, 
DIN 7977, "Taper Pins with Thread Ends and Constant Point Lengths", Withdrawn, DIN EN 28737, ISO 8737, 
DIN 7978, "Taper Pins with Internal Thread", Withdrawn, DIN EN 28737, ISO 8736, 
DIN 7979, "Parallel Pins with Internal Thread", Withdrawn, DIN EN ISO 8733;DIN EN ISO 8735, ISO 8733;ISO 8735, 
DIN 7980, "Spring lock washers with square ends for cheese head screws", Withdrawn, , , 
DIN 7981, "Cross recessed pan head tapping screws", Withdrawn, DIN ISO 7049, ISO 7049, 
DIN 7982, "Cross recessed countersunk head tapping screws", Withdrawn, DIN ISO 7050, ISO 7050, 
DIN 7983, "Countersunk (Flat) Head Tapping Screws with Cross Recess", Withdrawn, DIN ISO 7051, ISO 7051, 
DIN 7984, "Hexagon socket head cap screws with low head", Active, , , 
DIN 7985, "Cross recessed raised Phillips Pan head screws", Withdrawn, DIN EN ISO 7045, ISO 7045, 
DIN 7989-1, "Washers for steel structures - Product grade C", Active, , , 
DIN 7989-2, "Washers for steel structures - Product grade A", Active, , , 
DIN 7991, "Hexagon socket countersunk head cap screws", Withdrawn, DIN EN ISO 10642, ISO 10642, 
DIN 8074, "Polyethylene (PE) pipes - Dimensions", Active, , , 
DIN 8075, "Polyethylene (PE) pipes - PE 63, PE 80, PE 100, PE-HD - General quality requirements, testing", Active, , , 
DIN 8077/8078, "Polypropylene (PP-R) Pipes -PN 20, PN25 PP-R - General quality requirements, testing", Active, , , 
DIN 8513-1, "Brazing and Braze Weld Filler Metals; Copper Base Brazing Alloys; Composition, Use, Technical Conditions of Delivery", Withdrawn, DIN EN 1044, EN 1044, 
DIN 8513-2, "Brazing and Braze Weld Filler Metals; Silver-bearing Brazing Alloys with less than 20% by wt. Silver; Composition, Use, Technical Conditions of Delivery", Withdrawn, DIN EN 1044, EN 1044, 
DIN 8513-3, "Brazing filler metals; silver brazing filler metals containing not less than 20% of silver; composition, application, technical delivery conditions", Withdrawn, DIN EN 1044, EN 1044, 
DIN 8513-4, "Brazing and Braze Weld Filler Metals; Aluminium-Base Brazing Alloys; Composition, Use, Technical Conditions of Delivery", Withdrawn, DIN EN 1044, EN 1044, 
DIN 8513-5, "Brazing filler metals; Nickel base filler metals for high temperature brazing; Application, composition, technical delivery conditions", Withdrawn, DIN EN 1044, EN 1044, 
DIN 8580, "Manufacturing processes - Terms and definitions, division", Active, , , 
DIN 8806-1, "Narrow band saw blades for woodworking; dimensions", Active, , , 
DIN 8515, "Defects in Metallic Solder Joints; Brazing Joints and High-temperature Solder Joints; Classification, Designations, Explanatory Notes", Withdrawn, DIN EN ISO 18279:2004-04, , 
DIN 9021, "Plain washers with large outside diameter", Withdrawn, DIN EN ISO 7093-1; DIN EN ISO 7093-2, ISO 7093-1; ISO 7093-2, 
DIN 10504, "Food hygiene - Lamps for the lighting of meat and meat products", Withdrawn, , , 
DIN 11024, "Beta cotter pin (R-pin) - Dimensions, materials", Active, , , 
DIN 11850, "Tubes for the food, chemical and pharmaceutical industry - Stainless steel tubes - Dimensions, materials", Withdrawn, , EN 10357, 
DIN 11851, "Hygienic Unions", , , , 
DIN 12950-1, "Laboratory furniture; safety cabinets for microbiological and biotechnological work; safety requirements, tests", Withdrawn, , , 
DIN 12950-2, "Laboratory furniture; safety cabinets for microbiological and biotechnological work; containment of class 1 and class 2 cabinets, microbiological test", Withdrawn, , , 
DIN 12950-10, "Laboratory furniture; safety cabinets for microbiological and biotechnological work; requirements and testing", Withdrawn, , , 
DIN 12975-1, "Thermal solar systems and components - Solar collectors - Part 1: General requirements", , , , 
DIN 12975-2, "Thermal solar systems and components - Solar collectors - Part 2: Test methods", , , , 
DIN 12976-1, "Thermal solar systems and components - Factory made systems - Part 1: General requirements", , , , 
DIN 12976-2, "Thermal solar systems and components - Factory made systems - Part 2: Test methods", , , , 
DIN 13080, "Division of hospitals into functional areas and functional sections", Active, , , 
DIN 13260-2, "Supply systems for medical gases - Part 2: Dimensions and allocation of probes and gas-specific connection points for terminal units for compressed medical gases and vacuum", Active, , , 
DIN 13432, "Packaging - Requirements for packaging recoverable through composting and biodegradation - Test scheme and evaluation criteria for the final acceptance of packaging", Active, DIN EN 13432, , 
DIN 13715, "Workpiece corners and edges", Active, DIN ISO 13715(2000-12), , 2020-01
DIN 13757-2, "Communication systems for meters, wired M-Bus (meter bus)", Active, DIN EN 13757-2,  Rev 4.8 2010-04-26, 
DIN 14027, "Corporate Security - Requirements for strengthening the physical resilience of organizations ", Active", , , 2026-04 
DIN 14090, "Areas for the fire brigade on premises", Active, , , 
DIN 14096-1, "Fire precaution regulation - Part 1: General and part A (placard); rules for drafting and placarding", Active, , , 
DIN 14096-2, "Fire precaution regulation - Part 2: Part B (for persons without special tasks of fire prevention and fire fighting); rules for drafting", Active, , , 
DIN 14096-3, "Fire precaution regulation - Part 3: Part C (for persons with special tasks of fire prevention and fire fighting); rules for drafting", Active, , , 
DIN 14210, "Water pool for firefighting", Active, , , 
DIN 14236, "Ultrasonic domestic gas meters", Active, , , 
DIN 14406-4, "Portable fire extinguishers - Part 4: Maintenance", Active, , , 
DIN 14503, "Trailers for firefighting purposes, two-wheeled; general requirements", Withdrawn, DIN 14521, , 
DIN 14505, "Firefighting and rescue service vehicles - Vehicles for roller containers - General requirements", Active, , , 
DIN 14507, "Rescue service vehicles - Vehicles for roller containers - General requirements", Active, , , 
DIN 14520, "Trailers for portable fire pumps", Withdrawn, , , 
DIN 14521, "Firefighting - Trailer with removable foam-water monitor", Active, , , 
DIN 14530-5, "Fire fighting vehicles - Part 5: Group pumping appliance LF 10/6, Group pumping appliance for rescue operations HLF 10/6", Active, , , 
DIN 14530-11, "Fire fighting vehicles - Part 11: Group pumping appliance LF 20/16, Group pumping appliance for rescue operations HLF 20/16", Active, , , 
DIN 14530-16, "Fire fighting vehicles - Part 16: Pumping appliance TSF", Active, , , 
DIN 14530-17, "Fire fighting vehicles - Part 17: Pumping appliance TSF-W", Active, , , 
DIN 14530-21, "Fire fighting vehicles - Part 21: Pump water tanker TLF 20/40, Pump water tanker TLF 20/40-SL", Active, , , 
DIN 14530-22, "Fire fighting vehicles - Part 22: TLF 16/24-TR", Active, , , 
DIN 14530-24, "Fire fighting vehicles - Part 24: Small pumping appliance KLF", Active, , , 
DIN 14530-25, "Fire fighting vehicles - Part 25: Pumping appliance STLF 10/6", Active, , , 
DIN 14555-1, "Vehicles carrying tools and gears - Part 1: General requirements", Active, , , 
DIN 14555-3, "Vehicles carrying tools and gears - Part 3: Emergency tender RW", Active, , , 
DIN 14555-12, "Vehicles carrying tools and gears - Part 12: Damage control tender GW-G", Active, , , 
DIN 14555-21, "Vehicles carrying tools and gears - Part 21: GW-L1 for logistic tasks", Active, , , 
DIN 14555-22, "Vehicles carrying tools and gears - Part 22: GW-L2 for logistic tasks", Active, , , 
DIN 14565, "Fire hose tender; Type SW 2000-TR", Withdrawn, , , 
DIN 14701-1, "Turntable ladders and similar fire fighting vehicles; Purpose, concepts, safety equipment, requirements", Withdrawn, DIN EN 1777, EN 1777, 
DIN 14701-2, "Turntable ladders and similar fire fighting vehicles; Turn table ladders, engine driven", Withdrawn, DIN EN 14043; DIN EN 14044, EN 14043; EN 14044, 
DIN 14701-3, "Turntable ladders and similar fire fighting vehicles; Rescue baskets", Withdrawn, DIN EN 1777, EN 1777, 
DIN 14702, "Turntable ladder DL 16-4, hand operating", Active, , , 
DIN 14703, "Trailer Ladder AL 16-4", Active, , , 
DIN 14710-1, "Hook ladder, manufactured using wood; with hinged hook", Withdrawn, DIN EN 1147, EN 1147, 
DIN 14710-3, "Hook light metal ladder", Withdrawn, , , 
DIN 14711-1, "Scaling ladder; made from wood", Withdrawn, DIN EN 1147, EN 1147, 
DIN 14711-2, "Scaling ladder; made from light metal", Withdrawn, DIN EN 1147, EN 1147, 
DIN 14711-3, "Scaling ladder; socket rungs and socket parts", Withdrawn, DIN EN 1147, EN 1147, 
DIN 14713, "Folding ladder", Withdrawn, DIN EN 1147, EN 1147, 
DIN 14715-1, "Three piece extension ladder made from wood", Withdrawn, DIN EN 1147, EN 1147, 
DIN 14715-2, "Three piece extension ladder; made of light metal", Withdrawn, DIN EN 1147, EN 1147, 
DIN 15018-2, "Cranes; steel structures; principles of design and construction", Active, , , 
DIN 15185-1, "Warehouse systems with guided industrial trucks; requirements on the ground, the warehouse and other requirements", Active, , , 
DIN 15185-2, "Warehousesystems with powered industrials trucks; code of practice for the protection of persons when operating with trucks in narrow aisles; safety requirements, testing", Active, , , 
DIN 15721, "Film 70 mm; projection reel", Active, , , 
DIN 16518, "Classification of types", Active, , , 
DIN 16892, "Cross-linked high-density polyethylene (PE-X) pipes - General quality requirements and testing", Active, , , 
DIN 16893, "Cross-linked high-density polyethylene (PE-X) pipes - Dimensions", Active, , , 
DIN 17175, "Seamless Tubes of heat Resistant Steels", Withdrawn, DIN EN 10216-2, , 
DIN 17200, "Steels For Quenching And Tempering - Technical Delivery Conditions", Superseded, DIN 10083-1DIN 10083-2DIN 10083-3, , 
DIN 17240, "Heat Resisting and Highly Heat Resisting Materials for Bolts and Nuts; Quality Specifications", Withdrawn, DIN EN 10269, , 
DIN 17410, "Materials for permanent magnets: Technical conditions", Active, , , 
DIN 17457, "", Withdrawn, DIN EN 10217-7, , 
DIN 17458, "", Withdrawn, DIN EN 10216-5, , 
DIN 17471, "Resistance alloys", Active, , , 
DIN 18012, "House service connections facilities - Principles for planning", Active, , , 
DIN 18013, "Recesses for meter boards (electric meters)", Active, , , 
DIN 18014, "Foundation earth electrode - General planning criteria", Active, , , 
DIN 18015-1, "Electrical installations in residential buildings - Part 1: Planning principles", Active, , , 
DIN 18015-2, "Electrical installations in residential buildings - Part 2: Nature and extent of minimum equipment", Active, , , 
DIN 18015-3, "Electrical installations in residential buildings - Part 3: Wiring and disposition of electrical equipment", Active, , , 
DIN 18022, "Domestic kitchens, bathrooms and WCs; design principles", Withdrawn, , , 
DIN 18024-1, "Barrier-free built environment - Part 1: Streets, squares, paths, public transport, recreation areas and playgrounds - Design principles", Active, , , 
DIN 18024-2, "Construction of accessible buildings - Part 2: Publicly accessible buildings and workplaces, design principles", Active, , , 
DIN 18065, "Stairs in buildings - Terminology, measuring rules, main dimensions", Active, , , 
DIN 18379, "Construction contract procedures (VOB) - Part C: General technical specifications in construction contracts (ATV) - Installation of air conditioning systems", Active, , , 
DIN 18382, "Contract procedures for building works - Part C: General technical specifications for building works; Low-voltage installation and medium-voltage installation with nominal voltages up to including 36 kV", Active, , , 
DIN 18384, "Construction contract procedures (VOB) - Part C: General technical specifications in construction contracts (ATV); Installation of lightning protection systems", Active, , , 
DIN 18800-1, "Steel structures - Part 1: Design and construction", Withdrawn, DIN EN 1993DIN EN 1090, , 
DIN 18800-2, "Steel structures - Part 2: Analysis of safety against buckling of linear members and frames", Withdrawn, DIN EN 1993, , 
DIN 18800-3, "Steel structures - Part 3: Analysis of safety against buckling of plates", Withdrawn, DIN EN 1993, , 
DIN 18800-4, "Steel structures - Part 4: Analysis of safety against buckling of shells", Withdrawn, DIN EN 1993, , 
DIN 18800-5, "Steel structures - Part 5: Composite structures of steel and concrete - Design and construction", Withdrawn, DIN EN 1994, , 
DIN 18800-7, "Steel structures - Part 7: Execution and constructor's qualification", Active, , EN 1090-2, 
DIN V 19222, "Control technology - Terminology", Active, , , 
DIN 19225, "Measurement and control; terminology and classification of controllers", Active, , , 
DIN 19226-1, "Control technology - Part 1: General terms and definitions", Active, , , 
DIN 19226-2, "Control technology - Part 2: Terms and definitions; dynamic systems behaviour", Active, , , 
DIN 19226-3, "Control technology - Part 3: Terms and definitions of switching systems behaviour", Active, , , 
DIN 19226-4, "Control technology - Part 4: Terms and definitions of control systems", Active, , , 
DIN 19226-5, "Control technology - Part 5: Functional terms", Active, , , 
DIN 19226-6, "Control technology - Part 6: Terms and definitions of functional and constructional units", Active, , , 
DIN 19227-1, "Control technology; graphical symbols and identifying letters for process control engineering; symbolic representation for functions", Active, , , 
DIN 19227-2, "Control technology; graphical symbols and identifying letters for process control engineering; representation of details", Active, , , 
DIN 19237, "Measurement and control; control engineering vocabulary", Withdrawn, DIN 19226-3; DIN 19226-4;DIN 19226-5; DIN 19226-6, , 
DIN 19227-1, "Control technology; graphical symbols and identifying letters for process control engineering; symbolic representation for functions", Withdrawn, DIN EN 62424, , 
DIN 19227-2, "Control technology; graphical symbols and identifying letters for process control engineering; representation of details", Active, , , 
DIN 19533, "Pipe-lines of high-density PE (high-density polyethylene) and low-density PE (low-density polyethylene) for drinking water supply; pipes, pipe connections and fittings for pipe-lines", Withdrawn, DIN EN 12201-1;DIN EN 12201-2;DIN EN 12201-3;DIN EN 12201-5, EN 12201-1;EN 12201-2;EN 12201-3;EN 12201-5, 
DIN 19704-1, "Hydraulic steel structures - Part 1: Criteria for design and calculation", Active, , , 
DIN 19704-2, "Hydraulic steel structures - Part 2: Design and manufacturing", Active, , , 
DIN 19704-3, "Hydraulic steel structures - Part 3: Electrical equipment", Active, , , 
DIN 20066, "Fluid technology - hose lines, dimensions, specifications", , , , 
DIN 20163, "Explosives work", , , , 
DIN 21800, "Hammer and pick signs (mining symbol)", , , , 
DIN 21908, "Mining crevice work; colours", , , , 
DIN 22101, "Conveyor belt for bulk material, fundamentals, analysis and design", , , , 
DIN 22107, "Arrangements for belt conveyor rollers", , , , 
DIN 22112, "Rollers: dimensions, specifications, testing", , , , 
DIN 23307, "Seat leathers for the mining industry (miner's apron)", , , , 
DIN 23342, "Clothing for the mining industry - men's vest with 1/4 sleeves", , , , 
DIN 23345, "Clothing for the mining industry - men's underpants 1/1 length (Long Johns)", , , , 
DIN 24190, "Ventilation and air conditioning - folded and welded rectangular sheet metal ducts", Withdrawn, , , 
DIN 24271-1, "Centralised lubrication systems - Concepts - Part 1: Classification", Active, , , 
DIN 24340-2, "Hydraulic valves; mounting surfaces and connecting plates for directional control valves", Active, , , 
DIN 24537, "Welding, Warping valves; Steel Grating Floor Standard control valves", Active, , , 
DIN 28610-1, "Ductile iron pressure pipes with socket with cement-mortar lining for gas and water pipelines; dimensions and masses", Withdrawn, DIN EN 545; DIN EN 969, EN 545; EN 969, 
DIN 28610-2, "Ductile iron pressure pipes with socket for gas and water pipelines rated for pressures over 4 bar up to and including 16 bar; dimensions and masses", Withdrawn, DIN EN 969, EN 969, 
DIN 30722-1, "Roller contact tipper vehicles, roller containers - Part 1: Roller contact tipper vehicles up to 26 t, roller containers type 1570 made from steel", Active, , , 
DIN 30722-2, "Roller contact tipper vehicles, roller containers - Part 2: Roller contact tipper vehicles up to 32 t, roller containers type 1570 made from steel", Active, , , 
DIN 30722-3, "Roller contact tipper vehicles, roller containers - Part 3: Roller contact tipper vehicles up to 12 t, roller containers type 900 made from steel", Active, , , 
DIN 30722-4, "Roller containers for the transport on road and rail", Active, , , 
DIN 31635, "Conversion of the Arabic alphabet", Active, , , 
DIN 32676, "Tri-Clamp Fittings", Active, , , 
DIN 40015, "Frequency and wave bands", Active, , , 
DIN 40020, "Guidelines for the user interface in multimedia equipment for general purpose use (IEC/TR 61997:2001)", Active, , , 
DIN 40050-9, "Road vehicles; degrees of protection (IP-code); protection against foreign objects; water and contact; electrical equipment", Active, , , 
DIN 40101-1, "Graphical symbols for use on equipment", Withdrawn, , , 
DIN 40101-2, "Graphical symbols for use on equipment; graphical symbols from ISO 7000 for electrical engineering", Active, , , 
DIN 40108, "Electric power technology - Current systems - Concepts, quantities, letter symbols", Active, , , 
DIN 40110-1, "Quantities used in alternating current theory - Part 2: Two-line circuits", Active, , , 
DIN 40110-2, "Quantities used in alternating current theory - Part 2: Multi-line circuits", Active, , , 
DIN 40146-1, "Telecommunications - Part 1: Basic concepts", Active, , , 
DIN 40148-1, "Transmission systems and two-ports; concepts and quantities", Active, , , 
DIN 40148-2, "Transmission systems and two-ports; symmetry characteristics of linear two-ports", Active, , , 
DIN 40148-3, "Transmission systems and two-ports; measures for attenuation", Active, , , 
DIN 40200, "Nominal value, limiting value, rated value, rating - concepts", Active, , , 
DIN 41215, "Electrical communication engineering; electromagnetic relays, definitions", Withdrawn, , , 
DIN 41301, "Electro Sheets; Magnetic Materials for Transformers", Withdrawn, , , 
DIN 41309-1, "Small transformers and chokes; strip-wound cut cores; types SM, SE, SU, SG and S3U; dimensions materials", Withdrawn, , , 
DIN 41309-2, "Small transformers and chokes; strip-wound cut cores; technical conditions of delivery for one phase applications; types SM, SE, SU and SG", Withdrawn, , , 
DIN 41309-3, "Small transformers and chokes; strip-wound cut cores; technical conditions of delivery for three phase applications; type S3U", Withdrawn, , , 
DIN 41426, "Nominal values of resistors and capacitors", Withdrawn, DIN IEC 60063, IEC 60063, 
DIN 41429, "Colour code for fixed resistors", Withdrawn, DIN EN 60062, EN 60062, 
DIN 41524, "Circular connectors for radio and associated sound equipment three and five-pole connectors", Withdrawn, , , 
DIN 41529, "Connectors for loudspeakers", Withdrawn, , , 
DIN 41612-1, "Two-part connectors for printed board, grid 2,54 mm; common mounting features; survey of types", Withdrawn, DIN 41612-1 S1, , 
DIN 41612-1 S1, "Two piece connectors for printed circuits, grid 2,54 mm (0,1 in); general allusions", Withdrawn, DIN EN 60603-2, EN 60603-2, 
DIN 41612-2, "Two-part connectors for printed boards; grid 2,54mm; dimensions of types B, C and D", Withdrawn, DIN EN 60603-2, EN 60603-2, 
DIN 41612-3, "Two part connectors for printed boards; grid 2,54mm; dimensions of types F and G", Withdrawn, DIN EN 60603-2, EN 60603-2, 
DIN 41612-4, "Two-part connectors for printed boards; grid 2,54mm, dimensions of type H", Withdrawn, DIN EN 60603-2, EN 60603-2, 
DIN 41612-5, "Two-part connectors for printed boards; grid 2,54mm; ratings, requirements, tests", Withdrawn, DIN EN 60603-2, EN 60603-2, 
DIN 41612-6, "Two-part connection for printed boards; grid 2.54mm; dimensions of types Q, R and S", Withdrawn, DIN EN 60603-2, EN 60603-2, 
DIN 41612-7, "Two-part connectors for printed boards; grid 2,54 mm; dimensions of types U and V", Withdrawn, DIN EN 60603-2, EN 60603-2, 
DIN 41612-8, "Two-part connectors for printed boards; grid 2.54 mm; dimensions of type M", Withdrawn, DIN EN 60603-2, EN 60603-2, 
DIN 41612-8 S1, "Two-part connectors for printed boards; grid 2.54 mm; dimensions of type M; survey of special contracts for use with type M", Withdrawn, DIN EN 60603-2, EN 60603-2, 
DIN 41612-9, "Two-part connectors for printed boards; grid 2,54 mm; dimensions of type E", Withdrawn, DIN EN 60603-2, EN 60603-2, 
DIN 41612-10, "Two-part connectors for printed boards; grid 2,54mm; gauges", Withdrawn, DIN EN 60603-2, EN 60603-2, 
DIN 41612-102, "Two-part connectors for printed boards; dimensions for type X", Withdrawn, DIN 41612-9, , 
DIN 41612-103, "Two-part connectors for printed boards; dimensions of type M", Withdrawn, DIN 41612-8, , 
DIN 41652-1, "Rack and panel connectors, trapezoidal, round contacts 1 mm; common mounting features and dimensions; survey of types", Active, , , 
DIN 41652-2, "Rack and panel connectors; trapezoidal, round contacts 1 mm; ratings, requirements, tests", Active, , , 
DIN 41750-1, "Rack and panel connectors, trapezoidal, round contacts ø1 mm; common mounting features and dimensions; survey of types", Active, , , 
DIN 41750-2, "Rack and panel connectors, trapezoidal, round contacts ø1 mm; ratings, requirements, tests", Active, , , 
DIN 41750-3, "Rack and panel connectors, trapezoidal, round contacts ø1 mm; dimensions of type A; solder termination for free wiring", Active, , , 
DIN 41750-5, "Rack and panel connectors, trapezoidal, round contacts ø1 mm; dimensions of type C; crimp termination for free wiring", Active, , , 
DIN 41782, "Guidelines for the presentation of published data", Withdrawn, DIN IEC 60747-2, IEC 60747-2, 
DIN 41786, "Thyristors, definitions", Withdrawn, , , 
DIN 41855, "Semiconductor devices and integrated circuits; kinds of devices and general terms", Withdrawn, , , 
DIN 41855-2, "Semiconductor devices and integrated circuits; optoelectronic semiconductor devices; terms and definitions", Withdrawn, , , 
DIN 41868, "Cases 10 A 3 and 10 B 3 for semiconductor devices; main dimensions", Withdrawn, , , 
DIN 41869-1, "Case 23 A 3 for semiconductor devices; main dimensions", Withdrawn, , , 
DIN 41869-2, "Cases 34 A 2 and 34 A 3 for semiconductor devices; main dimensions", Withdrawn, , , 
DIN 41869-3, "Case 11 A 3 and 11 B 3 for semiconductor devices; main dimensions", Withdrawn, , , 
DIN 41869-4, "Case 12 A 3 for semiconductor devices; main dimensions", Withdrawn, , , 
DIN 41869-5, "Case 13 A 3 for semiconductor devices; main dimensions", Withdrawn, , , 
DIN 41869-6, "Case 14 A 3 for semiconductor devices; main dimensions", Withdrawn, , , 
DIN 41869-7, "Case type 15 for semiconductor devices; main dimensions", Withdrawn, , , 
DIN 41873, "Cases type 5 for semiconductor devices and integrated circuits", Withdrawn, , , 
DIN 41876, "Cases 18 A, B and C with 2 up to 4 terminals for semiconductor devices; main dimensions", Withdrawn, , , 
DIN 42400, "Terminal markings for electrical equipment; general rules, alphanumeric system", Withdrawn, DIN EN 60445, EN 60445, 
DIN 42402, "Terminal markings for power transformers and reactors", Active, , , 
DIN 42403, "Terminal markings for power converters", Withdrawn, DIN IEC 61148, IEC 61148, 
DIN 42673-1, "Totally enclosed fan-cooled three-phase induction motors squirrel-cage, type IM B 3, with rolling bearing; mounting dimensions and relationship frame sizes-output ratings", Withdrawn, , , 
DIN 42673-2, "Totally enclosed fan-cooled three-phase induction motors with squirrel-cage, type IM B 3, with rolling bearings; relationship frame sizes - output ratings for type of protection increased safety 'e'", Active, , , 
DIN 42673-3, "Totally enclosed fan-cooled three-phase induction motors with squirrel-cage, type IM B 3, with rolling bearings; relationship frame sizes - output ratings for type of protection flameproof enclosure 'd'", Active, , , 
DIN 42673-4, "Totally enclosed fan-cooled alternating-current polyphase motors with squirrel-cage, design B3, with ball bearings, maximum envelope dimensions", Active, , , 
DIN 42802, "Touch-protected connector for electromedicine", Active, , , 
DIN 42961, "Rating plates for rotating electrical machinery; design", Active, , , 
DIN 42973, "Rated output values for rotating electrical machinery for continuous duty", Active, , , 
DIN 43700, "Measurement and control - Measurement and control instruments for panel mounting - Nominal front- and cut-out-dimensions", Withdrawn, DIN IEC 61554, IEC 61554, 
DIN 43780, "Electrical measuring instruments; direct acting indicating electrical measuring instruments and their accessories", Withdrawn, DIN EN 60051-1, EN 60051-1, 
DIN 43802-2, "Line scales and pointers for indicating electrical measuring instruments; general requirements", Active, , , 
DIN 43802-3, "Line scales and pointers for indicating electrical measuring instruments; designs and dimensions", Active, , , 
DIN 43802-4, "Line scales and pointers for indicating electrical measuring instruments; scale graduation and numbering", Active, , , 
DIN 43807, "Measuring and control; electrical measuring instruments; terminal markings for switchboard meters, panel meters and measuring transducers for the measurement of power and power factor", Active, , , 
DIN 43856, "Electricity meters, tariff time switches and ripple control receivers; connection diagrams, terminal marking, circuit diagrams", Active, , , 
DIN 43856-2, "Electricity meters - Part 2: Marking of auxiliary terminals for tariff devices according to IEC-Report 61354:1995", Active, , , 
DIN 43870-1, "Meter mounting boards; dimensions based on a grid system", Active, , , 
DIN 43870-2, "Meter mounting boards; functional area", Active, , , 
DIN 43870-3, "Meter panels; wirings", Active, , , 
DIN 43880, "Modular electronics housings", Active, , , 
DIN 44070-1, "Meter mounting boards; dimensions based on a grid system", Active, , , 
DIN 44070-2, "Meter mounting boards; functional area", Active, , , 
DIN 44070-3, "Meter panels; wirings", Active, , , 
DIN 44070-4, "Meter panels; cover for wiring", Active, , , 
DIN 44080, "Thermistors; PTC, technical terms and tests", Withdrawn, , , 
DIN 44300, "Information processing; vocabulary", Withdrawn, , , 
DIN 44300-1, "Information processing - Concepts - General terms", Withdrawn, , , 
DIN 44300-2, "Information processing - Concepts - Representation of data", Withdrawn, , , 
DIN 44300-3, "Information processing - Concepts - Data structures", Withdrawn, , , 
DIN 44300-4, "Information processing - Concepts - Programming", Withdrawn, , , 
DIN 44300-5, "Information processing - Concepts - Components of digital computer systems", Withdrawn, , , 
DIN 44300-6, "Information processing - Concepts - Storage", Withdrawn, , , 
DIN 44300-7, "Information processing - Concepts - Times", Withdrawn, , , 
DIN 44300-8, "Information processing - Concepts - Processing functions", Withdrawn, , , 
DIN 44300-9, "Information processing - Concepts - Process relations and modes of operation", Withdrawn, , , 
DIN 45322, "Circular connectors for radio and associated sound equipment; six-pole connectors", Withdrawn, DIN EN 60130-9, EN 60130-9, 
DIN 45323, "Connectors for coupling an external low-voltage power to portable entertainment equipment (describes at least two DC coaxial power plugs)", Active, , , 
DIN 45500-1, "High fidelity audio equipment and systems; minimum performance requirements; Part 1: general", Withdrawn, DIN EN 61305-1, EN 61305-1, 
DIN 45500-2, "High fidelity audio equipment and systems; requirements for tuner equipments", Withdrawn, DIN EN 61305-2, EN 61305-2, 
DIN 45500-3, "High fidelity audio equipment and systems; requirements for disk record reproducing equipments", Withdrawn, , , 
DIN 45500-4, "High fidelity audio equipment and systems; minimum performance requirements for magnetic recording and reproducing equipment", Withdrawn, , , 
DIN 45500-5, "High fidelity audio equipment and systems; minimum performance requirements for microphones", Withdrawn, , , 
DIN 45500-6, "High fidelity audio equipment and systems; minimum performance requirements for amplifiers", Withdrawn, DIN EN 61305-3, EN 61305-3, 
DIN 45500-7, "High fidelity audio equipment and systems; requirements for loudspeakers", Withdrawn, DIN EN 61305-5, EN 61305-5, 
DIN 45500-8, "High fidelity audio equipment and systems; for sets and systems", Withdrawn, , , 
DIN 45500-9, "High fidelity audio equipment and systems; minimum requirements for magnetic tapes 4 and 6 for audio recordings", Withdrawn, , , 
DIN 45500-10, "High fidelity audio equipment and systems; minimum performance requirements for headphones", Withdrawn, , , 
DIN 45507, "Measuring apparatus for frequency variations in sound recording equipment", Withdrawn, DIN IEC 60386, IEC 60386, 
DIN 45539, "Disk record reproducing equipment; directives for measurements, markings and audio frequency connections, dimensions of interchangeable pickups, requirements of play back amplifiers", Withdrawn, DIN IEC 60098, IEC 60098, 
DIN 45596, "Microphones; phantom powering", Withdrawn, , , 
DIN 46400-1, "Steel flats with special magnetic properties cold rolled, non - oriented, finally annealed magnetic sheet and strip hysteresis loss at frequencies above 100 Hz", Withdrawn, DIN EN 10106, EN 10106, 
DIN 46400-3, "Grain-oriented magnetic steel and strip technical conditions", Withdrawn, DIN EN 10107, EN 10107, 
DIN 47100, "Cords for telecommunication; code of insulated conductors, colour of sheath", Withdrawn, , , 
DIN 47301-1, "Terms of HF-lines", Active, , , 
DIN 47301-2, "Terms of HF-lines", Active, , , 
DIN 47301-3, "Definition of radio frequency transmission lines - mean characteristic impedance - mean standing wave ratio", Active, , , 
DIN 48803, "Lightning protection system; Arrangement of components and dimensions for mounting", Withdrawn, , , 
DIN 48830, "Lightning protection system; Description", Withdrawn, , , 
DIN 51097, "Testing of floor coverings; determination of the anti-slip properties: wet-loaded barefoot areas; walking method; ramp test", Withdrawn, DIN 51130, , 
DIN 51130, "Testing of floor coverings; determination of the anti-slip properties: workrooms and fields of activities with slip danger, walking method - ramp test", Withdrawn, DIN 51097, , 
DIN 51501, "Lubricants; Lubricating Oils L-AN; Minimum Requirements", Withdrawn, , , 
DIN 52368, "Testing of particleboards; determination of formaldehyde emission by gas analysis", Withdrawn, DIN EN 717-2, EN 717-2, 
DIN 53150, "Paints and varnishes - Determination of the drying stage of coatings (modified Bandow-Wolff method)", Active, , , 
DIN 53438, "Testing of combustible materials; response to ignition by small flame", Active, , , 
DIN 53452, "Testing of Plastics; Flexural Test", Withdrawn, DIN EN ISO 178, ISO 178, 
DIN 53575, "Flexible Cellular Polymeric Materials - Determination of Tear Strength", Withdrawn, DIN EN ISO 8067, ISO 8067, 
DIN 54836, "Testing of combustible materials; determination of ignition temperature", Active, , , 
DIN 54837, "Determination of burning behaviour using a gas burner", Active, , , 
DIN 55003-3, "Machine tools; symbols; numerically controlled machine tools", Withdrawn, , , 
DIN 58145, "Measuring Method for determination of solarization effect of fused silica optical fibers", Active, , , 
DIN 58810, "Surgical implants; threads for bone screws and nuts", Withdrawn, , , 
DIN 58888, "Thread connection for microscope objectives", Withdrawn, DIN ISO 8038-1, ISO 8038-1, 
DIN ISO 53438, "", , , , 
DIN 66000, "Information processing; switching algebra, mathematical signs and symbols", Active, , , 
DIN 66001, "Information processing; graphical symbols and their application", Active, , , 
DIN 66002, "Information processing; handwriting of the digit 0 and of the upper case letter O", Active, , , 
DIN 66003, "Information technology - 7-bit code", Active, , , 
DIN 66004-1, "Information processing - Coding on data media - Part 1: Representation of 7-bit code character sets on punched tape 25", Active, , , 
DIN 66004-2, "Information processing - Coding on data media - Part 2: Representation of 7-bit coded and 8-bit coded character sets on punched cards", Active, , , 
DIN 66004-3, "Information processing - Coding on data media - Part 3: Representation of 7-bit coded and 8-bit coded character sets on magnetic tape 12", Active, , , 
DIN 66004-4, "Information processing - Coding on data media - Part 4: Representation of 7-bit coded and 8-bit coded character sets on magnetic tape cassette 3,8", Active, , , 
DIN 66004-5, "Information processing - Coding on data media - Part 5: Representation of 7-bit coded and 8-bit coded set on media-flexible disk cartridge", Active, , , 
DIN 66005, "Information processing; representation of packed numerics and binary data recorded on 9 tracks on magnetic tape 12", Active, , , 
DIN 66006, "Presentation of ALGOL/ALCOR programs on paper tape and punch cards", Withdrawn, , , 
DIN 66007, "Font CMC 7 for magnetic ink character recognition; characters and nominal dimensions", Withdrawn, DIN ISO 1004, ISO 1004, 
DIN 66008-1, "Font A for optical character recognition; characters and nominal dimensions", Active, , , 
DIN 66008-6, "Font A for optical character recognition; characters and nominal dimensions; extension of the character set", Active, , , 
DIN 66008-7, "Font A for optical character recognition; representation of characters by dots in a 9 × 9 matrix", Active, , , 
DIN 66009, "Font B for optical character recognition; character", Withdrawn, , , 
DIN 66020-1, "Functional requirements for the interface between data terminal equipment and data circuit-terminating equipment - Part 1: General application", Active, , , 
DIN 66020-2, "List of definitions for interchange circuits between data terminal equipment (DTE) and data circuit-terminating equipment (DCE) in public data networks", Active, , , 
DIN 66020-4, "Data transmission; interface between data circuit-terminating equipment (DCE) and data terminal equipment (DTE)", Active, , , 
DIN 66020-9, "Interface between data terminal equipment (DTE) and data circuit-terminating equipment (DCE) for synchronous transmission on group band circuits at 48,000 bits per second", Active, , , 
DIN 66021-1, "Data transmission; interface between data circuit-terminating equipment (DCE) and data terminal equipment (DTE)", Active, , , 
DIN 66021-2, "Interface between data terminal equipment (DTE) and data circuit-terminating equipment (DCE) for synchronous transmission on group band circuits at 48,000 bits per second", Active, , , 
DIN 66025-1, "Numerical control of machines, format; general requirements", Active, , , 
DIN 66025-2, "Industrial automation; numerical control of machines; format, preparatory and miscellaneous functions", Active, , , 
DIN 66027, "Information processing; programming language FORTRAN", Withdrawn, , , 
DIN 66215-1, "Programming of numerically controlled machines; CLDATA, general structure and record types", Active, , , 
DIN 66215-2, "Programming of numerically controlled machines; CLDATA; minor elements of type 2000 records (post-processor commands)", Active, , , 
DIN 66253-2, "Information processing; programming language PEARL", 1998, , , 
DIN 66234, "Information processing; programming language PL/I", Active, , , 
DIN 66255, "Information processing; programming language PL/I", Active, , , 
DIN 66256, "Information processing; programming language Pascal", Withdrawn, , , 
DIN 66257, "Numerical control of machines; concepts", Withdrawn, DIN ISO 2806, ISO 2806, 
DIN 66258-1, "Interfaces and basic data link control procedures for data communication; C S-interface, V S-interface", Withdrawn, , , 
DIN 66258-2, "Interface and basic data link control procedures for data communication; balanced interface for start-stop transmission using basic data link control procedures on point-to-point connection", Withdrawn, , , 
DIN 66261, "Information processing; Nassi-Shneiderman flowchart symbols", Active, , , 
DIN 66264-1, "Industrial automation systems and integration - Multiprocessor Control System for Industrial Machines (MPST) - Part 1: Parallel bus", Active, , , 
DIN 66264-2, "Multiprocessor control system for industrial machines (MPST); industrial automatics; rules for information interchange", Active, , , 
DIN 66303, "Information technology - 8 bit code", Active, , , 
DIN V 66304, "Industrial automation; Computer Aided Design; format for the exchange of standard parts data", Active, , , 
DIN 66325-2, "Local and Metropolitan Area Networks; LLC; identical with ISO 8802-2:1989", Withdrawn, , ISO 8802-2, 
DIN 66325-4, "Local and Metropolitan Area Networks; token-passing bus access method; identical with ISO/IEC 8802-4:1990", Withdrawn, , ISO/IEC 8802-4, 
DIN 66399, "Three-part standard regarding the seven security levels of paper shredders; replaces DIN 32757", Active, , , 
DIN 69901, "Project controlling; project management; concepts", Active, , , 
DIN 71412, "Lubricating nipples; cone type", Active, , , 
DIN 72311-1, "Lead storage batteries; starter batteries for motorcycles, nominal capacities, main dimensions", Active, , , 
DIN 72311-4, "Lead storage batteries; starter batteries, terminals, vent plugs and filler openings", Active, , , 
DIN 72311-8, "Lead storage batteries; starter batteries for motor cycles and passenger cars", Active, , , 
DIN 72311-13, "Lead storage batteries; starter batteries for starting, lighting and ignition, 12 V, 27, 36, 45 and 54 Ah, for lateral basic fastening 10,5", Active, , , 
DIN 72311-16, "Lead storage batteries; starter batteries for starting, lighting and ignition, 12 V, 27, 36, 45, 54 and 63 Ah, for lateral basic fastening 19", Active, , , 
DIN 72311-17, "Lead storage batteries; starter batteries, protective covering for terminal", Active, , , 
DIN 72311-18, "Lead storage batteries; starter batteries with basic fastening 10,5 for passenger cars and commercial vehicles; nominal capacities, main dimensions", Active, , , 
DIN 72311-20, "Lead storage batteries; starter batteries for commercial vehicles; nominal capacities and main dimensions", Active, , , 
DIN 72311-21, "Lead storage batteries; starter batteries with 10,5 basic fastening lugs for commercial vehicles; nominal capacities and main dimensions", Active, , , 
DIN 72552-1, "Terminal markings for motor vehicles; scope, principles, requirements", Active, , , 
DIN 72552-2, "Terminal markings for motor vehicles; codes", Active, , , 
DIN 72552-3, "Terminal markings for motor vehicles; examples for application on circuit diagrams", Active, , , 
DIN 72552-4, "Terminal markings for motor vehicles; summary", Active, , , 
DIN 75490, "Radio communication devices in motor vehicles; installation space, general requirements", Active, , , 
DIN SPEC 77229-1, "Technical services - Performance categories and content for industrial process plants - Part 1: Pipeline construction " , , 2024-10 
DIN 91379, "Characters and defined character sequences in Unicode for the electronic processing of names and data exchange in Europe", Active, , 