Site, Country, Type, 
unstats.un.org, World, , 
data.who.int, World, , 
who.int, World, ,
ietf.org, World, , 
rfc-editor.org, World, , 
pmi.org, World, , 
oauth.net, World, , 
iata.org, World, 
mcc-mnc.com, World, , 
rust-lang.org, World, , 
doc.rust-lang.org, World, IT,
nodejs.org, World, IT, 
python.org, World, IT, 
developer.android.com, World, IT, 
openssf.org, World, IT, 
population.un.org, World, , 
bluetooth.com, World, , 
mathworks.com, World, , 
worldbank.org, World, , 
regjunnofsinhar.org, World, ,
finance.yahoo.com, World, ,
esa.int, Europe, , 
eurocontrol.int, Europe, , 
ec.europa.eu, European Union, ,
data.ecb.europa.eu, European Union, , 
european-union.europa.eu, European Union, ,
www.eu.eu, European Union, ,
www.berec.europa.eu, European Union, ,
cpvo.europa.eu, European Union, ,
www.consilium.europa.eu, European Union, ,
curia.europa.eu, European Union, ,
osha.europa.eu, European Union, ,
www.eulisa.europa.eu, European Union, ,
www.eba.europa.eu, European Union, ,
www.frontex.europa.eu, European Union, ,
www.ecdc.europa.eu, European Union, ,
www.cedefop.europa.eu, European Union, ,
echa.europa.eu, European Union, ,
commission.europa.eu, European Union, ,
cor.europa.eu, European Union, ,
eur-lex.europa.eu, European Union, Legal,
www.eca.europa.eu, European Union, ,
cybersecurity-centre.europa.eu, European Union, ,
edpb.europa.eu, European Union, ,
edps.europa.eu, European Union, ,
eda.europa.eu, European Union, ,
www.eesc.europa.eu, European Union, ,
www.eacea.ec.europa.eu, European Union, ,
www.eea.europa.eu, European Union, ,
www.eeas.europa.eu, European Union, ,
www.efca.europa.eu, European Union, ,
www.efsa.europa.eu, European Union, ,
www.eurofound.europa.eu, European Union, ,
www.euspa.europa.eu, European Union, ,
hadea.ec.europa.eu, European Union, ,
eismea.ec.europa.eu, European Union, ,
eige.europa.eu, European Union, ,
www.eiopa.europa.eu, European Union, ,
www.eib.org, European Union, ,
www.eif.org, European Union, ,
www.ela.europa.eu, European Union, ,
www.emsa.europa.eu, European Union, ,
www.ema.europa.eu, European Union, ,
www.euda.europa.eu, European Union, ,
www.ombudsman.europa.eu, European Union, ,
www.europarl.europa.eu, European Union, ,
eu-careers.europa.eu, European Union, ,
www.eppo.europa.eu, European Union, ,
erc.europa.eu, European Union, ,
www.esma.europa.eu, European Union, ,
www.etf.europa.eu, European Union, ,
euaa.europa.eu, European Union, ,
www.eurojust.europa.eu, European Union, ,
fra.europa.eu, European Union, ,
www.europol.europa.eu, European Union, ,
www.cepol.europa.eu, European Union, ,
next-generation-eu.europa.eu, European Union, ,
www.era.europa.eu, European Union, ,
www.euipo.europa.eu, European Union, ,
www.satcen.europa.eu, European Union, ,
www.easa.europa.eu, European Union, ,
www.ecb.europa.eu, European Union, ,
cinea.ec.europa.eu, European Union, ,
fusionforenergy.europa.eu, European Union, ,
joint-research-centre.ec.europa.eu, European Union, ,
csirtsnetwork.eu, European Union, Safety and Security,
op.europa.eu, European Union, ,
www.srb.europa.eu, European Union, ,
www.cdt.europa.eu, European Union, ,
www.clean-aviation.eu, European Union, ,
www.clean-hydrogen.europa.eu, European Union, ,
www.chips-ju.europa.eu, European Union, ,
www.cbe.europa.eu, European Union, ,
eurohpc-ju.europa.eu, European Union, ,
www.ihi.europa.eu, European Union, ,
www.sesarju.eu, European Union, ,
rail-research.europa.eu, European Union, ,
www.consilium.europa.eueneuropean-council, European Union, ,
www.europeanschooluxembourg2.eu, European Union, ,
eusa.europa.eu, European Union, ,
eit.europa.eu, European Union, ,
www.mercosur.int, South America, ,
www.comunidadandina.org, South America, ,
www.unasursg.org, South America, ,
www.aladi.org, South America, ,
www.sela.org, South America, ,
www.parlatino.org, South America, ,
www.oas.org, South America, ,
otca.org, South America, ,
www.caf.com, South America, ,
www.iadb.org, South America, ,
www.fonplata.org, South America, ,
www.flar.com, South America, ,
www.prosur.org, South America, ,
www.celac.gob.sv, South America, ,
au.int, Africa, ,
www.afdb.org, Africa, ,
www.nepad.org, Africa, ,
www.afreximbank.com, Africa, ,
www.africacdc.org, Africa, ,
www.panafricanparliament.org, Africa, ,
www.achpr.au.int, Africa, ,
www.african-court.org, Africa, ,
www.aprm-au.org, Africa, ,
www.comesa.int, Africa, ,
www.eac.int, Africa, ,
www.ecowas.int, Africa, ,
ceeac-eccas.org, Africa, ,
www.sadc.int, Africa, ,
igad.int, Africa, ,
cen-sad.org, Africa, ,
www.maghrebarabe.org, Africa, ,
www.cemac.int, Africa, ,
www.uemoa.int, Africa, ,
www.ohada.org, Africa, ,
www.aripo.org, Africa, ,
www.oapi.int, Africa, ,
www.ati-aca.org, Africa, ,
www.reccerafrica.org, Africa, ,
www.cyber.gov.au, Australia, Safety and Security,
www.ncc.gv.at, Austria, Safety and Security,
statbel.fgov.be, Belgium, , 
ccb.belgium.be, Belgium, Safety and Security,
www.belgium.be, Belgium, ,
www.cert.be, Belgium, ,
www.gov.br, Brazil, Gov, 
egov.government.bg, Bulgaria , , 
infostat.nsi.bg, Bulgaria , , 
nsi.bg, Bulgaria , , 
bl.government.bg, Bulgaria, ,
ine.cv, Cape Verde, ,
nks.carnet.hr, Croatia, Safety and Security,
www.gov.cy, Cyprus, ,
www.cystat.gov.cy, Cyprus,
csirt.cy, Cyprus, Safety and Security,
dsa.cy, Cyprus, Safety and Security,
ncc.cy, Cyprus, Safety and Security,
www.govcert.cz, Czech Republic, Safety and Security,
www.csirt.cz, Czech Republic, Safety and Security,
nukib.gov.cz, Czech Republic, Safety and Security,
ncc-dk.dk, Denmark, Safety and Security,
www.fe-ddis.dk, Denmark, Safety and Security,
www.fmn.dk, Denmark, Safety and Security,
www.fmi.dk, Denmark, Safety and Security,
www.regnskabsstyrelsen.dk, Denmark, Safety and Security,
www.fauk.dk, Denmark, Safety and Security,
www.fe-ddis.dk, Denmark, Safety and Security,
www.hjemmevaernet.dk, Denmark, Safety and Security,
onec.bcr.gob.sv, El Salvador, ,
www.ria.ee, Estonia, Safety and Security,
www.traficom.fi, Finland, ,
trafi2.stat.fi, Finland, ,
tukes.fi, Finland, ,
pxdata.stat.fi, Finland, ,
www.finlex.fi, Finland, ,
tilastot.tulli.fi, Finland, ,
www.kyberturvallisuuskeskus.fi, Finland, Safety and Security,
www.viestintavirasto.fi, Finland, Safety and Security,
cyber.gouv.fr, France, Safety and Security,
www.cert.ssi.gouv.fr, France, Safety and Security,
www.service-public.fr, France, ,
www.info.gouv.fr, France, ,
www.france.fr, France, ,
destatis.de, Germany, , 
genesis.destatis.de, Germany, , 
www.polizei.bayern.de, Germany, Safety and Security,
polizei.nrw, Germany, Safety and Security,
www.polizei-bw.de, Germany, Safety and Security,
www.bmi.bund.de, Germany, ,
online.portal.bzst.de, Germany, , 
bundesfinanzministerium.de, Germany, , 
Cyber Alliance Center (CAZ) of the Bavarian Office
www.bayern.de, Germany, , 
www.lfv.bayern.de, Germany, , 
www.nkcs.bund.de, Germany, Safety and Security,
www.bsi.bund.de, Germany, Safety and Security,
bzst.de, Germany, ,
statistics.gr, Greece, Statistics,
cyber.gov.gr, Greece, Safety and Security,
www.mindigital.gr, Greece, Safety and Security,
ine.gob.hn, Honduras, Statistics,
sen.ine.gob.hn, Honduras, Statistics,
tableros-inclusion-financiera.ine.gob.hn, Honduras, ,
ncc.gov.hu, Hungary, Safety and Security,
www.ncc.is, Iceland, Safety and Security,
www.fjarskiptastofa.is, Iceland, ,
www.ncsc.gov.ie, Ireland, Safety and Security,
www.acn.gov.it, Italy, ,
www.mod.gov.lv, Latvia, Safety and Security,
cert.lv, Latvia, Safety and Security,
www.nksc.lt, Lithuania, Safety and Security,
lrv.lt
vda.lrv.lt
osp.stat.gov.lt
duomenys.stat.gov.lt
www.circl.lu, Luxembourg, Safety and Security,
nc3.lu, Luxembourg, Safety and Security,
www.govcert.lu, Luxembourg, Safety and Security,
centralbankmalta.org, Malta, , 
nso.gov.mt, Malta, , 
divizjonitalgvernlokali.gov.mt, Malta, , 
artscouncilmalta.gov.mt, Malta, , 
gov.mt, Malta, , 
maltacip.gov.mt, Malta, , 
ncc-mita.gov.mt, Malta, Safety and Security,
www.ncsc.nl, Netherlands, Safety and Security,
www.rvo.nl, Netherlands, Safety and Security,
mkd-cirt.mk, North Macedonia, Safety and Security,
ssb.no, Norway, , 
nsm.no, Norway, , 
tourism.gov.pk, Pakistan, , 
pakistan.gov.pk, Pakistan, , 
stat.gov.pl, Poland, , 
www.abw.gov.pl, Poland, , 
bip.abw.gov.pl, Poland, , 
tpcoe.gov.pl, Poland, ,
csirt.gov.pl, Poland, Safety and Security,
cert.pl, Poland, Safety and Security,
csirt-mon.wp.mil.pl, Poland, Safety and Security,
www.portaldasfinancas.gov.pt, Portugal, ,
eportugal.gov.pt, Portugal, ,
www.cm-vimioso.pt, Portugal, ,
ine.pt, Portugal, Statistics,
iscap.ipp.pt, Portugal, , 
ipp.pt, Portugal, , 
imt-ip.pt, Portugal, , 
stcp.pt, Portugal, , 
www.gnr.pt, Portugal, Safety and Security,
www.psp.pt, Portugal, Safety and Security,
www.policiajudiciaria.pt, Portugal, Safety and Security,
www.cncs.gov.pt, Portugal, Safety and Security,
www.ministeriopublico.pt, Portugal, ,
www.portugal.gov.pt, Portugal, ,
metrodoporto.pt, Portugal, , 
anacom.pt, Portugal, , 
ncc.gov.ro, Romania, Safety and Security,
www.cert.ro, Romania, Safety and Security,
www.incibe-cert.es, Spain, Safety and Security,
www.ccn-cert.cni.es, Spain, Safety and Security,
emad.defensa.gob.es, Spain, Safety and Security,
www.politie.nl, Nederlands, Safety and Security,
www.rvo.nl, Nederlands, Safety and Security,
ins.tn, Tunisia, 
www.stat.si, Slovenia, Statistics, 
www.cert.si, Slovenia, , 
www.predsednica-slo.si, Slovenia, , 
www.gov.si, Slovenia, , 
www.sloveniabusiness.eu, Slovenia, , 
www.culture.si, Slovenia, , 
mirri.gov.sk, Slovakia, ,
www.csirt.sk, Slovakia, Safety and Security,
www.kyberkomunita.sk, Slovakia, ,
cybercompetence.sk, Slovakia, Safety and Security,
ine.es, Spain, Statistics, 
digital.gob.es, Spain, ,
planderecuperacion.gob.es, Spain, ,
www.defensa.gob.es, Spain, Safety and Security, 
www.incibe-cert.es, Spain, Safety and Security, 
www.ccn-cert.cni.es, Spain, Safety and Security, 
www.ccn.cni.es, Spain, Safety and Security, 
www.cni.es, Spain, Safety and Security, 
www.cert.se, Sweden, Safety and Security,
www.ncc-se.se, Sweden, Safety and Security,
gov.uk, UK, , 
ncsc.gov.uk, UK, , 
cia.gov, USA, , 
nist.gov, USA, , 
nasa.gov, USA, , 
jpl.nasa.gov, USA, , 
webb.nasa.gov, USA, , 
science.nasa.gov, USA, , 
csirt.ncc.gov.ng, Nigeria, IT,